gold_id,source_file,page_no,row_no,serial_no,product_name,brand_name,batch_no_raw,batch_no_norm,batch_group_id,batch_rejoined,mfg_date,exp_date,manufacturer_raw,manufacturer_norm,nsq_result,reporting_lab,declared_spurious,parse_confidence,portal_batch_seen,verified,notes
G001,data/raw/cdsco_alerts/central/2025-06_central_nsq.pdf,1,1,1,Dextrose Injection I.P. 5%w/v (D5),,1-3098,13098,,false,2025-01,2027-12,"M/s. Tam-Bran Pharmaceuticals Pvt. Ltd., Plot No. 212 & 216, Sector-1, Industrial Area, Pithampur, District-Dhar (M.P.) India-454775",tam bran pharmaceuticals pvt ltd,Assay of Dextrose (Anhydrous),"CDL, Kolkata",false,1.0,false,,
G002,data/raw/cdsco_alerts/central/2025-06_central_nsq.pdf,1,2,2,Dexamethasone Sodium Phosphate Injection I.P. (Dexacos),Dexacos,P24L220,P24L220,,false,2024-12,2026-11,"M/s. Paksons pharmaceuticals Private Limited, 36, Milestone, Delhi Rohtak Road, Sankhol, Bahadurgarh-124507, Haryana",paksons pharmaceuticals private limited,"Free Dexamethasone, Particulate matter and Description","CDL, Kolkata",false,1.0,true,,
G003,data/raw/cdsco_alerts/central/2025-06_central_nsq.pdf,1,3,3,Methylcobalamin Injection,,S4H046,S4H046,,false,2024-08,2026-01,"M/s. Arion Healthcare, Vill. Kishanpura, Baddi, Distt. Solan-174101(H.P.)",arion healthcare,"Assay of Methylcobalamin, Particulate matter and Description","CDL, Kolkata",false,1.0,true,,
G004,data/raw/cdsco_alerts/central/2025-06_central_nsq.pdf,1,4,4,Tranexamic Acid Injection IP 500 mg/5ml,,Z24-185,Z24185,,false,2024-02,2026-01,"M/s. Zee Laboratories Ltd., Behind 47, Industrial Area, Paonta Sahib-173025",zee laboratories ltd,Related Substances and Assay of Tranexamic Acid,"CDL, Kolkata",false,1.0,true,,
G005,data/raw/cdsco_alerts/central/2025-06_central_nsq.pdf,1,5,5,Oxytocin Injection I.P. 1ml,,AOX-2402,AOX2402,,false,2024-04,2026-03,"M/s. Systochem Laboratories Ltd., B-75 Roop Nagar, Indl. Area, Loni-201102(U.P.)",systochem laboratories ltd,Assay of Oxytocin,"CDL, Kolkata",false,1.0,true,,
G006,data/raw/cdsco_alerts/central/2025-06_central_nsq.pdf,1,6,6,"Calcium Aspartate, Calcium Orotate, Calcitriol Minerals And Vitamin Tablets",,EZF-2107,EZF2107,,false,2024-11,2027-04,"M/s. Overseas Health Care Pvt. Ltd., 335 Km. Milestone, National Highway No. 1, P.O. Box No. 25, Phillaur - 144 410 (Pb.)",overseas health care pvt ltd,"Assay of Calcitriol, Zinc, Magnesium Hydroxide and Folic Acid","CDL, Kolkata",false,1.0,true,,
G007,data/raw/cdsco_alerts/central/2025-06_central_nsq.pdf,1,7,7,Ascorbic Acid Injection I.P. (Vitson-C),Vitson-C,P25L269,P25L269,,false,2025-02,2027-01,"M/s. Paksons Pharmaceuticals Private Limitated, 36, Milestone, Delhi Rohtak Road, Sankhol, Bahadurgarh-124507, Haryana",paksons pharmaceuticals private limitated,Particulate Matter and Description,"CDL, Kolkata",false,1.0,true,,
G008,data/raw/cdsco_alerts/central/2025-06_central_nsq.pdf,1,8,8,Adrenaline Injection IP (Aline Injection 1 ml.),,AL-92,AL92,,false,2025-02,2026-04,"M/s. Aster Medicines Pvt. Ltd., Plot No. E4(Part), Industrial Area Phase II, Hazipur-844101",aster medicines pvt ltd,Particulate Matter and Description,"CDL, Kolkata",false,1.0,true,,
G009,data/raw/cdsco_alerts/central/2025-06_central_nsq.pdf,2,9,9,Calcium Gluconate Injection I.P. 10 ml.,,MV24B36,MV24B36,,false,2024-02,2026-01,"M/s. Martin & Brown Bio-Sciences Pvt.Ltd., K.No-918/419, Malkumajra, Nalagarh Road, Baddi, Dist-Solan, HP-173205",martin brown bio sciences pvt ltd,"Particulate Matter, Extractable Volume and Description","CDL, Kolkata",false,1.0,true,,
G010,data/raw/cdsco_alerts/central/2025-06_central_nsq.pdf,2,10,10,Rabeprazole Sodium (EC) & Domperidone (SR) Capsules (Sesarab-DSR Capsules ),Sesarab-DSR,CG23-0372F,CG230372F,,false,2023-09,2025-08,"M/s. Athens Life Sciences, Mauza Rampur Jattan, Nahan Road, Kala Amb, Distt. Sirmour, H.P.-173030",athens life sciences,Assay of Rabeprazole Sodium,"CDL, Kolkata",false,1.0,true,,
G011,data/raw/cdsco_alerts/central/2025-06_central_nsq.pdf,2,11,11,Heparin Injection IP 5000 IU/ml (Flagorin),Flagorin,DP2143,DP2143,,false,2022-08,2025-06,"M/s. Divine Laboratories Pvt. Ltd., Block No. 471, Dabhasa, Tal. Padra, Dist. Vadodara-391440, India",divine laboratories pvt ltd,pH and Assay of Heparin (Anti-factor-IIa activity),"CDL, Kolkata",false,1.0,true,,
G012,data/raw/cdsco_alerts/central/2025-06_central_nsq.pdf,2,12,12,Adrenaline Bitartrate Injection I.P. 1 ml (Aderson Inj.),Aderson,P25L262,P25L262,,false,2025-02,2026-07,"M/s. Paksons Pharmaceuticals Private Limited, 36, Milestone, Delhi Rohtak Road, Sankhol, Bahadurgarh-124507, Haryana",paksons pharmaceuticals private limited,"Particulate Matter, pH and Description","CDL, Kolkata",false,1.0,true,,
G013,data/raw/cdsco_alerts/central/2025-06_central_nsq.pdf,2,13,13,Methylcobalamin 1500 mcg (Nuroark),Nuroark,JIN24-041,JIN24041,,false,2024-08,2026-01,"M/s. Janya Biocare Pvt. Ltd., Khasra No.-169, Tanshipur, Roorkee (U.K.)",janya biocare pvt ltd,Description and Particulate Matter,"CDL, Kolkata",false,1.0,true,,
G014,data/raw/cdsco_alerts/central/2025-06_central_nsq.pdf,2,14,14,"Calcium Aspartate, Calcium Orotate, Calcitriol, Minerals and Vitamins Tablets",,EZF-2067,EZF2067,,false,2024-10,2027-03,"M/s. Overseas Health Care Pvt. Ltd. 335 km, Milestone National Highway No. 1 P.O. Box No. 25, Phillaur-144 410(Pb.)",overseas health care pvt ltd 335 km,"Assay/ Content of Folic Acid, Zinc and Magnesium Hydroxide","CDL, Kolkata",false,1.0,true,,
G015,data/raw/cdsco_alerts/central/2025-06_central_nsq.pdf,2,15,15,Fosfomycin Phenyl Ethyl Amine,,20240901,20240901,,false,2024-09,2026-09,"M/s. Shayamg Qinjiang Chemical, Add:-No. I Qinjing Chemical Park, Shayang Economic Development Zone, Hubei, China, Postal Code-448200",shayamg qinjiang chemical,Specific Optical Rotation,"CDL, Kolkata",false,1.0,true,,
G016,data/raw/cdsco_alerts/central/2025-06_central_nsq.pdf,2,16,16,Gentamicin Injection IP (Gentacos),Gentacos,P24L199,P24L199,,false,2024-12,2026-11,"M/s. Paksons Pharmaceuticals Private Limited, Delhi Rohtak Road, Ganpati Industrial area, Sankhol, Bahadurgarh-124507(HR), INDIA",paksons pharmaceuticals private limited,"Sterility, Particulate Matter and Description","CDL, Kolkata",false,1.0,true,,
G017,data/raw/cdsco_alerts/central/2025-06_central_nsq.pdf,2,17,17,Docetaxel Anhydrous IP,,DXT202412040,DXT202412040,,true,2024-12,2026-12,"M/s. Sanghai Jinhe Bio-Pharmaceutical Co. Ltd. 508, Maodian Road, Qingpu District, Shanghai-201716, China",sanghai jinhe bio pharmaceutical co ltd 508,Water,"CDL, Kolkata",false,1.0,true,,
G018,data/raw/cdsco_alerts/central/2025-06_central_nsq.pdf,2,18,18,Ketoconazole & Zinc Pyrithione Shampoo (Ketocross Shampoo),Ketocross Shampoo,L25Y2002,L25Y2002,,false,2025-03,2027-02,"M/s. Om Sai Pharma Pack, Plot No. 38 & 39,Sector-11,IIE,SIDCUL,Distt. Haridwar, Uttarakhand-249403",om sai pharma pack,A s s a y o f Z i n c Pyrithione,"CDL, Kolkata",false,1.0,true,,
G019,data/raw/cdsco_alerts/central/2025-06_central_nsq.pdf,3,19,19,"Vitamin C Injection IP and Vitamin B12, Folic Acid and Niacinamide Injection (Eldervit B 12)",Eldervit B 12,VHI034047,VHI034047,,false,2024-08,2026-07,"M/s. Vidit Healthcare, Village Kishanpura, Paonta Sahib, Distt. Sirmour, H.P.-173025",vidit healthcare,Particulate Matter and Description,"CDL, Kolkata",false,1.0,true,,
G020,data/raw/cdsco_alerts/central/2025-06_central_nsq.pdf,3,20,20,"Vitamin C Injection IP and Vitamin B12, Folic Acid and Niacinamide Injection (Eldervit-12 Injection)",Eldervit-12,IEW1433B,IEW1433B,,false,2024-07,2026-06,"M/s. E.G. Pharmaceuticlas, Vill. Mandhala, Teh. Baddi, Distt. Solan (H.P.)",e g pharmaceuticlas,Particulate Matter and Description,"CDL, Kolkata",false,1.0,true,,
G021,data/raw/cdsco_alerts/central/2025-06_central_nsq.pdf,3,21,21,Rabeprazole Sodium Injection I.P.,,MD23H23,MD23H23,,false,2023-08,2025-07,"M/s. Martin & Brown Bio-Sciences Pvt.Ltd., K.No-918/419, Malkumajra, Nalagarh Road, Baddi, Dist-Solan, HP-173205",martin brown bio sciences pvt ltd,"pH, Clarity of Solution, Particulate Matter, Assay of Rabeprazole Sodium and Description","CDL, Kolkata",false,1.0,true,,
G022,data/raw/cdsco_alerts/central/2025-06_central_nsq.pdf,3,22,22,Clotrimazole Ear Drops,,CLT-214A,CLT214A,,false,2024-08,2026-07,"M/s. Pushkar Pharma, Kheri, Kala-Amb-173030 (H.P.)",pushkar pharma,Assay of Clotrimazole,"CDL, Kolkata",false,1.0,true,,
G023,data/raw/cdsco_alerts/central/2025-06_central_nsq.pdf,3,23,23,Raberpazole (EC) & Domperidone (SR) Capsules (Rabeton-DSR),Rabeton-DSR,SC-15114,SC15114,,false,2024-10,2027-09,"M/s. Sunvij Drugs Private Limited, 511, GIDC, Waghodia, Baroda-391760, Gujarat",sunvij drugs private limited,Assay of Rabeprazole Sodium,"CDL, Kolkata",false,1.0,true,,
G024,data/raw/cdsco_alerts/central/2025-06_central_nsq.pdf,3,24,24,Telmisartan Tablets IP 40 mg,,ALPT-051,ALPT051,,false,2024-07,2026-06,"M/s. Alifecare Pharmacy Pvt Ltd, VPO-Barog, Teh & Distt. Solan (H.P.) -173212",alifecare pharmacy pvt ltd,Dissolution of Telmisartan,"CDL, Kolkata",false,1.0,true,,
G025,data/raw/cdsco_alerts/central/2025-06_central_nsq.pdf,3,25,25,"Vitamin C Injection IP and Vitamin B12, Folic Acid and Niacinamide Injection (Eldervit-12 Injection )",Eldervit-12,IEW1480C,IEW1480C,2025-06_central_nsq-p3-r25,false,2024-09,2026-08,"M/s. E.G.Pharmaceuticals, Vill. Mandhala, Tehsil: Baddi Distt.Solan (H.P.)",e g pharmaceuticals,Particulate Matter and Description,"CDL, Kolkata",false,0.8,true,,
G026,data/raw/cdsco_alerts/central/2025-06_central_nsq.pdf,3,25,25,"Vitamin C Injection IP and Vitamin B12, Folic Acid and Niacinamide Injection (Eldervit-12 Injection )",Eldervit-12,IEW-1480B,IEW1480B,2025-06_central_nsq-p3-r25,false,2024-09,2026-08,"M/s. E.G.Pharmaceuticals, Vill. Mandhala, Tehsil: Baddi Distt.Solan (H.P.)",e g pharmaceuticals,Particulate Matter and Description,"CDL, Kolkata",false,0.8,true,,
G027,data/raw/cdsco_alerts/central/2025-06_central_nsq.pdf,3,26,26,"Vitamin C Injection IP and Vitamin B12, Folic Acid and Niacinamide Injection (Eldervit-12 Injection )",Eldervit-12,IEW-1487C,IEW1487C,2025-06_central_nsq-p3-r26,false,2024-09,2026-08,"M/s. E.G.Pharmaceuticals, Vill. Mandhala, Tehsil: Baddi Distt.Solan (H.P.)",e g pharmaceuticals,Particulate Matter and Description,"CDL, Kolkata",false,0.8,true,,
G028,data/raw/cdsco_alerts/central/2025-06_central_nsq.pdf,3,26,26,"Vitamin C Injection IP and Vitamin B12, Folic Acid and Niacinamide Injection (Eldervit-12 Injection )",Eldervit-12,IEW-1487B,IEW1487B,2025-06_central_nsq-p3-r26,false,2024-09,2026-08,"M/s. E.G.Pharmaceuticals, Vill. Mandhala, Tehsil: Baddi Distt.Solan (H.P.)",e g pharmaceuticals,Particulate Matter and Description,"CDL, Kolkata",false,0.8,true,,
G029,data/raw/cdsco_alerts/central/2025-06_central_nsq.pdf,3,27,27,3% Sodium Chloride Injection USP,,G25B016,G25B016,,false,2025-02,2027-01,"M/s. Inven Pharmaceuticals Pvt. Ltd., Village Kalsada Khurd, District-Dhar (M.P.)- 454001",inven pharmaceuticals pvt ltd,Particulate Matter in Injections,"CDL, Kolkata",false,1.0,true,,
G030,data/raw/cdsco_alerts/central/2025-06_central_nsq.pdf,3,28,28,Ondansetron Injection IP (Ondson Inj.),Ondson,P24L189,P24L189,,false,2024-11,2026-10,"M/s. Paksons Pharmaceuticals Private Limited, 36, Milestone, Delhi Rohtak Road, Sankhol, Bahadurgarh-124507, Haryana",paksons pharmaceuticals private limited,Particulate Matter and Description,"CDL, Kolkata",false,1.0,true,,
G031,data/raw/cdsco_alerts/central/2025-06_central_nsq.pdf,3,29,29,Sitagliptin & Metformin Tablets 50mg + 1000mg (Sitajack-M),Sitajack-M,T-2672,T2672,,false,2024-09,2026-08,"M/s. Jackson Laboratories Pvt.Ltd. 22-24, Majitha Road, Bye Pass, Amritsar-143001(India)",jackson laboratories pvt ltd 22 24,Assay of Sitagliptin,"CDL, Kolkata",false,1.0,true,,
G032,data/raw/cdsco_alerts/central/2025-06_central_nsq.pdf,3,30,30,Cefotaxime Sodium Injection IP 1g,,1172,1172,,false,2023-08,2025-07,"M/s. Hindustan Antibiotics Ltd., Pimpri,Pune-411018,India",hindustan antibiotics ltd,Water,"CDL, Kolkata",false,1.0,true,,
G033,data/raw/cdsco_alerts/central/2025-06_central_nsq.pdf,4,31,31,Amikacin Sulphate Injection IP (Lamic-500 Injection ),Lamic-500,L-24K-31H,L24K31H,,false,2024-11,2026-10,"M/s. Inmac Laboratories, Bangsipura-142033 (Pb.)",inmac laboratories,"Particulate Matter, Assay and Description","CDL, Kolkata",false,1.0,true,,
G034,data/raw/cdsco_alerts/central/2025-06_central_nsq.pdf,4,32,32,Pantoprazole Sodium for Injection (K Pan-IV Injection),K Pan-IV,GD24L-27H,GD24L27H,,false,2024-12,2026-11,"M/s. Vellinton Healthcare, Trilokpur Road,Vill-Rampur Jattan, Kala-Amb-173030 Distt. Sirmour (H.P.)",vellinton healthcare,Sterility,"CDL, Kolkata",false,1.0,true,,
G035,data/raw/cdsco_alerts/central/2025-06_central_nsq.pdf,4,33,33,Pantoprazole Gasrro-Resistant and Domperidone Prolonged Release Capsules IP (Prazentasure-DSR Capsules),Prazentasure-DSR,NC24004,NC24004,,false,2024-09,2026-08,"M/s. Nexkem Pharmaceuticals Pvt. Ltd., Plot No.119, HPSIDC Industrial Area Baddi, Dist. Solan (H.P.)-173205",nexkem pharmaceuticals pvt ltd,Dissolution of Pantoprazole in Buffer Stage,"CDL, Kolkata",false,1.0,true,,
G036,data/raw/cdsco_alerts/central/2025-06_central_nsq.pdf,4,34,34,Diclofenac Sodium Injection IP (ZOR INJ.),ZOR,P25L265,P25L265,,false,2025-02,2027-01,"M/s. Paksons Pharmaceuticals Private Limited, 36, Milestone, Delhi Rohtak Road, Sankhol, Bahadurgarh-124507, Haryana",paksons pharmaceuticals private limited,Extractable Volume,"CDL, Kolkata",false,1.0,true,,
G037,data/raw/cdsco_alerts/central/2025-06_central_nsq.pdf,4,35,35,Rabeprazole Sodium Injection IP,,MD23H12,MD23H12,,false,2023-08,2025-07,"M/s. Martin & Brown Bio-Sciences Pvt.Ltd., K.No-918/419, Malkumajra, Nalagarh Road, Baddi, Dist-Solan, HP-173205",martin brown bio sciences pvt ltd,"pH, Clarity of Solution, Uniformity of Weight, Particulate Matter and Assay of Rabeprazole Sodium","CDL, Kolkata",false,1.0,true,,
G038,data/raw/cdsco_alerts/central/2025-06_central_nsq.pdf,4,36,36,Amoxycillin and Potassium Clavulanate Injection IP,,ACP-738A,ACP738A,,false,2023-09,2025-08,"M/s. Pushkar Pharma, Kheri, Kala-Amb-173030 (H.P.)",pushkar pharma,Assay of Potassium Clavulanate equivalent to Clavulanic Acid,"CDL, Kolkata",false,1.0,true,,
G039,data/raw/cdsco_alerts/central/2025-06_central_nsq.pdf,4,37,37,"Methycobalamin, Calcitriol, Omega-3 Fatty Acids (EPA & DHA), Folic Acid, Boron, Calcium Carbonate Softgel Capsules (Biofil-Max Softgel Capsules )",Biofil-Max Softgel,HPDJ24170,HPDJ24170,,false,2024-10,2026-09,"M/s. Healthwise Pharma, VPO Bhud, Teh.Baddi, Distt-Solan (H.P.)-173205",healthwise pharma,"Assay of Docosahexaenoic Acid,Eicosapentaen oic acid","CDL, Kolkata",false,1.0,true,,
G040,data/raw/cdsco_alerts/central/2025-06_central_nsq.pdf,4,38,38,Paracetamol Intravenous Infusion (1.0% w/v ),,E25B026,E25B026,,false,2025-02,2028-01,"M/s. D.J. Laboratories Pvt. Ltd., 255, Sector-1, Industrial Area, Pithampur-454775",d j laboratories pvt ltd,Particulate Contamination,"CDL, Kolkata",false,1.0,true,,
G041,data/raw/cdsco_alerts/central/2025-06_central_nsq.pdf,4,39,39,Telmisartan Tablets IP 40 mg,,TLL-504,TLL504,,false,2025-01,2026-12,"M/s.Healers Lab Unit II, Plot No. 33, H.P.S.I.D.C., Extn.,Baddi, Distt-Solan (H.P)",healers lab unit ii,Dissolution of Telmisartan,"RDTL, Guwahati",false,1.0,true,,
G042,data/raw/cdsco_alerts/central/2025-06_central_nsq.pdf,4,40,40,Telmisartan Tablets IP 40 mg,,TLL-503,TLL503,,false,2025-01,2026-12,"M/s.Healers Lab Unit II, Plot No. 33, H.P.S.I.D.C., Extn.,Baddi, Distt-Solan (H.P)",healers lab unit ii,Dissolution of Telmisartan,"RDTL, Guwahati",false,1.0,true,,
G043,data/raw/cdsco_alerts/central/2025-06_central_nsq.pdf,4,41,41,Telmisartan Tablets IP (Telzasig 20),Telzasig 20,TEZC25001,TEZC25001,,false,2025-04,2027-03,"M/s.Signova Healthcare Pvt. Ltd (Unit-II), EPIP Silasundari, Ghopa, Amingaon, North Guwahati, Assam-781031",signova healthcare pvt ltd,Dissolution of Telmisartan,"RDTL, Guwahati",false,1.0,true,,
G044,data/raw/cdsco_alerts/central/2025-06_central_nsq.pdf,5,42,42,Infusion Set-NV,,KT-071,KT071,,false,2024-11,2027-10,"M/s. Medivision Healthcare, 84/4 Span Industrial complex. Second Floor, Phase-1, F Road, Opp. Kotak Mahindra Bank, G.I. D.C. Vatva, Ahmedabad- 382445",medivision healthcare,Sterillity,"RDTL, Guwahati",false,1.0,true,,
G045,data/raw/cdsco_alerts/central/2025-06_central_nsq.pdf,5,43,43,Calcium & Vitamin D3 Tablets IP (Calciven-500),Calciven-500,T-240267,T240267,,false,2024-06,2026-05,"M/s. Sunlife Sciences,, 130, Kurdi, Jhabrera Road, Manglour, Roorkee, Distt. Haridwar (U.K.)",sunlife sciences,Assay of Vitamin D3,"RDTL, Guwahati",false,1.0,true,,
G046,data/raw/cdsco_alerts/central/2025-06_central_nsq.pdf,5,44,44,Pantoprazole Tablets IP 20 mg (Opipan- 20),Opipan- 20,23G-T1503,23GT1503,,false,2023-10,2025-09,"M/s. Orison Pharma International, Vill. Khari, Mauza Ogli, Kala Amb, Distt. Sirmour - 173030 (H.P.)",orison pharma international,Dissolution in Acid Stage & Description,"RDTL, Guwahati",false,1.0,true,,
G047,data/raw/cdsco_alerts/central/2025-06_central_nsq.pdf,5,45,45,Azithromycin Tablets IP 500 mg.,,AYC-2407,AYC2407,,false,2024-01,2025-12,"M/s.Apple Formulations Pvt. Ltd., Plot No.208, Kishanpur, Roorkee- 247667(U.K.)",apple formulations pvt ltd,Dissolution of Azithromycin,"RDTL, Guwahati",false,1.0,true,,
G048,data/raw/cdsco_alerts/central/2025-06_central_nsq.pdf,5,46,46,Colestyramine BP,,SB43/001M/24,SB43001M24,,true,2024-07,2029-07,"M/s. Phaex Polymers Private Limited Plot No. : F-10, MIDC, Murbad, Dist- Thane-421401, Maharastra.",phaex polymers private limited plot no f 10,Loss on drying,CDTL-Mumbai,false,1.0,true,,
G049,data/raw/cdsco_alerts/central/2025-06_central_nsq.pdf,5,47,47,Cholestyramine Resin USP,,SB45/001M/24,SB45001M24,,true,2024-07,2029-07,"M/s. Phaex Polymers Private Limited Plot No. : F-10, MIDC, Murbad, Dist- Thane-421401, Maharastra.",phaex polymers private limited plot no f 10,Loss on drying,CDTL-Mumbai,false,1.0,true,,
G050,data/raw/cdsco_alerts/central/2025-06_central_nsq.pdf,5,48,48,Colestyramine EP,,SB48/001M/24,SB48001M24,,true,2024-07,2029-07,"M/s. Phaex Polymers Private Limited Plot No. : F-10, MIDC, Murbad, Dist- Thane-421401, Maharastra.",phaex polymers private limited plot no f 10,Loss on drying,CDTL-Mumbai,false,1.0,true,,
G051,data/raw/cdsco_alerts/central/2025-06_central_nsq.pdf,5,49,49,"0.45 % w/v Sodium Chloride and 5 % w/v Dextrose Injection I.P. (0.45 % DNS), 500 ml",,S3BX05,S3BX05,,false,2024-11,2026-10,"M/s.Swaroop Pharmaceuticals Pvt. Ltd., A-10, Tala Nagari Industiral Area, Aligarh 202001.",swaroop pharmaceuticals pvt ltd,Test for Sterility,CDTL-Mumbai,false,1.0,true,,
G052,data/raw/cdsco_alerts/central/2025-06_central_nsq.pdf,5,50,50,Sodium Polystyrene Sulfonate EP,,SC42/048M/24,SC42048M24,,true,2024-07,2029-07,"M/s. Phaex Polymers Private Limited Plot No. : F-10, MIDC, Murbad, Dist- Thane-421401, Maharastra.",phaex polymers private limited plot no f 10,Loss on drying,CDTL-Mumbai,false,1.0,true,,
G053,data/raw/cdsco_alerts/central/2025-06_central_nsq.pdf,5,51,51,Sodium Polystyrene Sulfonate USP,,SC25/048M/24,SC25048M24,,true,2024-07,2029-07,"M/s. Phaex Polymers Private Limited Plot No. : F-10, MIDC, Murbad, Dist- Thane-421401, Maharastra.",phaex polymers private limited plot no f 10,Water determination,CDTL-Mumbai,false,1.0,true,,
G054,data/raw/cdsco_alerts/central/2025-06_central_nsq.pdf,5,52,52,Sodium Polystyrene Sulfonate BP,,SC27/048M/24,SC27048M24,,true,2024-07,2029-07,"M/s. Phaex Polymers Private Limited Plot No. : F-10, MIDC, Murbad, Dist- Thane-421401, Maharastra.",phaex polymers private limited plot no f 10,Loss on drying,CDTL-Mumbai,false,1.0,true,,
G055,data/raw/cdsco_alerts/central/2025-06_central_nsq.pdf,6,53,53,Nitrofurantoin Tablets I.P 100 mg,,NFDT1201,NFDT1201,,false,2024-10,2026-09,"M/s. Unicure India Ltd., C - 21, 22 & 23, Sector- 3, Noida - 201301, Distt. : Gautam Budh Nagar (U.P.)",unicure india ltd,Dissolution,CDTL Indore,false,1.0,true,,
G056,data/raw/cdsco_alerts/central/2025-06_central_nsq.pdf,6,54,54,Glipizide & Metformin Tablets I.P,,Z24-011,Z24011,,false,2024-01,2026-12,"M/s. Zee Laboratories Ltd., Behind 47, Industrial Area, Paonta sahib - 173025",zee laboratories ltd,Description,CDTL Indore,false,1.0,true,,
G057,data/raw/cdsco_alerts/central/2025-06_central_nsq.pdf,6,55,55,Cefpodoxime Dispersible Tablets 200 mg (Xpocef 200 DT),Xpocef 200 DT,XCT24078C,XCT24078C,,false,2024-11,2026-10,"M/s.Xperia Creation, Survey No. 915/2, Block Part-A, Jetalpur Pirana Road, At & Post.-Girmatha Village, Tal.- Daskori, Dist-Ahmedabad-382425, Gujarat.",xperia creation,Uniformity of Dispersion,"CDTL, Hyderabad",false,1.0,true,,
