appointment_id,patient_id,appointment_date,visit_type,department,doctor,diagnosis,doctor_notes,follow_up_date
A900001,P90001,2025-03-03,OPD,General Medicine,Dr. Ira Bhardwaj,Enteric fever (suspected typhoid),"Fever for 5 days, rising each evening, 39.4°C. Coated tongue, mild tender splenomegaly. Widal and blood culture sent. Started oral cefixime 200 mg BD for 14 days, paracetamol SOS. Review in 5 days or earlier if worse.",2025-03-08
A900002,P90001,2025-03-08,OPD,General Medicine,Dr. Ira Bhardwaj,Enteric fever – not responding to oral cefixime,"Day 6 of cefixime. Still febrile, 39.0°C, appetite poor. Blood culture: Salmonella Typhi, SENSITIVE to cefixime and ceftriaxone. Patient and wife confirm every dose taken; strips shown. Poor response despite a sensitive organism – cause unclear. Admit for IV ceftriaxone.",2025-03-09
A900003,P90001,2025-03-09,IPD,General Medicine,Dr. Ira Bhardwaj,Enteric fever – IV therapy,Admitted. IV ceftriaxone 2 g OD started. Oral cefixime stopped. Hydration and antipyretics.,2025-03-13
A900004,P90001,2025-03-13,IPD,General Medicine,Dr. Ira Bhardwaj,Enteric fever – improving,Afebrile 72 h after starting IV ceftriaxone. Eating well. Discharged to complete 10 days of therapy. Note: rapid response to IV drug after 6 days of no response to oral cefixime.,
A900005,P90002,2025-01-27,OPD,Endocrinology,Dr. Ayaan Deo,Type 2 diabetes with mixed dyslipidaemia,"HbA1c 7.4%. Fasting lipids: LDL 172 mg/dL, TG 310 mg/dL, HDL 38. Started rosuvastatin 20 mg + fenofibrate 160 mg (Rosuvas F 20) at night. Diet counselling. Repeat lipid profile in 3 months.",2025-02-26
A900006,P90002,2025-02-26,OPD,Endocrinology,Dr. Ayaan Deo,Medication refill,Refill. Taking Rosuvas F 20 nightly. No muscle pain. Continue.,2025-03-28
A900007,P90002,2025-03-28,OPD,Endocrinology,Dr. Ayaan Deo,Medication refill,Refill. Good adherence by pill count. Continue.,2025-04-28
A900008,P90002,2025-04-28,OPD,Endocrinology,Dr. Ayaan Deo,Mixed dyslipidaemia – poor response,"3-month lipids: LDL 158, TG 305, HDL 37. Almost no change in triglycerides on fenofibrate. Pill count matches, diet followed. Unusual non-response. Plan: continue, recheck in 8 weeks; consider omega-3 or a dose change.",2025-05-28
A900009,P90002,2025-05-28,OPD,Endocrinology,Dr. Ayaan Deo,Medication refill,Refill. No new complaints.,2025-06-27
A900010,P90002,2025-06-27,OPD,Endocrinology,Dr. Ayaan Deo,Mixed dyslipidaemia – not at target after 5 months,"Lipids: LDL 161, TG 318. Still far from target after 5 months of daily therapy. Added ezetimibe 10 mg. Considering rosuvastatin 40 mg – needs review of why the current drug is not working.",2025-08-27
A900011,P90003,2025-02-10,OPD,Obstetrics & Gynaecology,Dr. Girish Sankar,Postpartum iron-deficiency anaemia,"6 weeks after delivery. Hb 7.9 g/dL, ferritin 6 ng/mL. Could not tolerate oral iron (vomiting). Plan IV iron sucrose 200 mg on alternate days, 5 doses, in day care.",2025-02-12
A900012,P90003,2025-02-12,IPD,Obstetrics & Gynaecology,Dr. Girish Sankar,IV iron – reaction after first dose,"Iron sucrose 200 mg in 100 ml NS over 30 min. About 2 h later: fever 38.9°C with chills and rigors. Cannula site red, warm and tender. Infusion line removed, blood culture sent, paracetamol given. Kept for observation.",2025-02-14
A900013,P90003,2025-02-14,IPD,Obstetrics & Gynaecology,Dr. Girish Sankar,Thrombophlebitis with possible bacteraemia,"Blood culture: coagulase-negative staphylococci, 1 of 2 bottles – contaminant vs true infection unclear. Thrombophlebitis at cannula site. Started oral antibiotic. Remaining iron doses postponed.",2025-03-03
A900014,P90003,2025-03-03,OPD,Obstetrics & Gynaecology,Dr. Girish Sankar,Postpartum anaemia – follow-up,"Afebrile, cannula site healed. Hb 8.6 g/dL. IV iron to resume – needs review before the next dose.",2025-03-17
A900015,P90004,2025-01-20,OPD,Cardiology,Dr. Rehaan Khatri,Essential hypertension – newly detected,"BP 162/98 (average of 3). ECG normal, creatinine 0.9, potassium normal. Started telmisartan 40 mg OD. Home BP diary advised.",2025-02-20
A900016,P90004,2025-02-20,OPD,Cardiology,Dr. Rehaan Khatri,Hypertension – follow-up,BP 158/96. Home readings similar. Takes the tablet every morning. Low-salt diet reinforced. Continue telmisartan 40 mg.,2025-03-24
A900017,P90004,2025-03-24,OPD,Cardiology,Dr. Rehaan Khatri,Hypertension – poor response,BP 156/94 after 2 months of telmisartan. Response much weaker than expected for this dose. Adherence confirmed. Added amlodipine 5 mg OD.,2025-05-26
A900018,P90004,2025-05-26,OPD,Cardiology,Dr. Rehaan Khatri,Hypertension – partly controlled,BP 150/92. Partial response to the second drug only. Plan to increase telmisartan to 80 mg – needs review.,2025-07-28
A900019,P90005,2024-11-04,OPD,Psychiatry,Dr. Siya Thakur,Generalised anxiety disorder with insomnia,"Worry, poor sleep for 4 months. Started sertraline 25 mg OD and short-term lorazepam 1 mg at bedtime. Review in 4 weeks.",2024-12-02
A900020,P90005,2024-12-02,OPD,Psychiatry,Dr. Siya Thakur,Anxiety – lorazepam not effective,Still sleeping only 3–4 h. Takes lorazepam every night with no clear effect. Increased lorazepam to 2 mg at bedtime. Fall-risk advice given.,2025-01-06
A900021,P90005,2025-01-06,OPD,Psychiatry,Dr. Siya Thakur,Anxiety – partial response,Sleep slightly better on 2 mg. Continue lorazepam 2 mg at bedtime; plan slow taper later.,2025-03-07
A900022,P90005,2025-03-07,OPD,Psychiatry,Dr. Siya Thakur,Medication refill,Refill. Same dose. No daytime drowsiness.,2025-05-08
A900023,P90005,2025-05-08,OPD,Psychiatry,Dr. Siya Thakur,Medication refill,Refill. Same dose. Stable.,2025-06-20
A900024,P90005,2025-06-20,OPD,Psychiatry,Dr. Siya Thakur,Medication refill,Refill. Pharmacy now supplies a different brand of lorazepam 1 mg. Same dose of 2 mg at bedtime.,2025-08-20
A900025,P90005,2025-06-30,Emergency,Emergency,Dr. Qabil Grover,Fall at home with excessive drowsiness,"Brought by daughter. 1 week of heavy daytime drowsiness and unsteady walking since the new strip was started; fell in the bathroom. Bruise on left hip, X-ray: no fracture. Dose unchanged at 2 mg for 6 months. Lorazepam withheld tonight. Psychiatry review – needs review of the dose.",
