source_url,local_path,sha256,bytes,fetched_at_utc,http_status,content_type,pages,notes
https://cdsco.gov.in/opencms/opencms/en/Alerts/,data/raw/cdsco_alerts/alerts_index.csv,a93251d0161f2b87d9a9db2c1068713e3d95ee846cdbd09fd776537e017df496,55969,2026-09-25T06:41:11Z,200,text/csv,,scraped listing index
https://cdsco.gov.in/opencms/resources/UploadCDSCOWeb/2018/UploadAlertsFiles/NSQ%20APRIL%202024.pdf,data/raw/cdsco_alerts/central/2024-04_central_nsq.pdf,a1ef43f06251fafa8847d4f1d65d91f9fe25ed96baf7e39fd0a00948d264d116,710635,2026-09-25T06:40:06Z,200,application/pdf,11,num_id=MTEyNTY=; title=NOT OF STANDARD QUALITY ALERT FOR THE MONTH OF APRIL 2024; released=2024-05-17
https://cdsco.gov.in/opencms/resources/UploadCDSCOWeb/2018/UploadAlertsFiles/NSQ%20may-2024%20CDSCO%20Labs.pdf,data/raw/cdsco_alerts/central/2024-05_central_nsq.pdf,2e4471b661e24f94b8811fa024001b369ab789614d4f86a1c29c0093132c5ec0,199128,2026-09-25T06:39:45Z,200,application/pdf,9,num_id=MTEzNzI=; title=NSQ May 2024 CDSCO Labs; released=2024-06-20
https://cdsco.gov.in/opencms/resources/UploadCDSCOWeb/2018/UploadAlertsFiles/NSQ%20ALERT%20FOR%20THE%20MONTH%20OF%20JUNE-2024.pdf,data/raw/cdsco_alerts/central/2024-06_central_nsq.pdf,28ab2ff5aefc7bc82b22fdc7f48af1918f8953521d65d54c486a41502385ee59,318591,2026-09-25T06:39:18Z,200,application/pdf,6,num_id=MTE0Njg=; title=NSQ ALERT FOR THE MONTH OF JUNE 2024; released=2024-07-19
https://cdsco.gov.in/opencms/resources/UploadCDSCOWeb/2018/UploadAlertsFiles/NSQ%20ALERT%20FOR%20THE%20MONTH%20OF%20JUly-2024.pdf,data/raw/cdsco_alerts/central/2024-07_central_nsq.pdf,046bc5927fbad42bedbd311e3476a72368af0f272bf39e4b5891d2a102ab36ab,185864,2026-09-25T06:39:09Z,200,application/pdf,11,num_id=MTE2MDA=; title=NSQ ALERT FOR THE MONTH OF JUlY-2024; released=2024-08-22
https://cdsco.gov.in/opencms/resources/UploadCDSCOWeb/2018/UploadAlertsFiles/alert%20August-2024.pdf,data/raw/cdsco_alerts/central/2024-08_central_nsq.pdf,6985ffdd1b7948b509a546020d7974f359678d2ebd152d27985530edcb92203e,234678,2026-09-25T06:38:40Z,200,application/pdf,8,num_id=MTIwMTA=; title=Drug Alert for the Month of August 2024; released=2024-09-20
https://cdsco.gov.in/opencms/resources/UploadCDSCOWeb/2018/UploadAlertsFiles/NSQ%20Alert%20For%20the%20month%20of%20%20Sept-2024.pdf,data/raw/cdsco_alerts/central/2024-09_central_nsq.pdf,de338eeabfae7599252f4a72ee93c4b4b8d5711bb3fbf421bdf5d4247c347fd5,451933,2026-09-25T06:37:51Z,200,application/pdf,9,num_id=MTIwODQ=; title=Drug Alert for the Month of September 2024; released=2024-10-24
https://cdsco.gov.in/opencms/resources/UploadCDSCOWeb/2018/UploadAlertsFiles/NSQ%20ALERT%20FOR%20THE%20MONTH%20OF%20October-2024%20for%20website.pdf,data/raw/cdsco_alerts/central/2024-10_central_nsq.pdf,c173178404be7982adf000cf5a0513fb1bdfc70ae5ea16ad58c4535ecb98b3a1,621182,2026-09-25T06:37:21Z,200,application/pdf,9,num_id=MTIyMDQ=; title=Drug Alert for the Month of October 2024; released=2024-11-29
https://cdsco.gov.in/opencms/resources/UploadCDSCOWeb/2018/UploadAlertsFiles/NSQ%20ALERT%20FOR%20THE%20MONTH%20OF%20NOVEMBER-2024%20(1).pdf,data/raw/cdsco_alerts/central/2024-11_central_nsq.pdf,54c9c632840c23df9679bfca97ec89b54662e9a474639104849684234564f44f,468851,2026-09-25T06:36:55Z,200,application/pdf,8,num_id=MTIyOTI=; title=Drug Alert for the Month of November 2024; released=2024-12-27
https://cdsco.gov.in/opencms/resources/UploadCDSCOWeb/2018/UploadAlertsFiles/NSQ%20ALERT%20FOR%20THE%20MONTH%20OF%20DEC-2024.pdf,data/raw/cdsco_alerts/central/2024-12_central_nsq.pdf,84a032123daeadabfb159111c9a053f0a608c7fd8a0d620911403ab636e34ddb,501320,2026-09-25T06:36:46Z,200,application/pdf,9,num_id=MTIzOTM=; title=Drug Alert for the Month of December 2024; released=2025-01-24
https://cdsco.gov.in/opencms/resources/UploadCDSCOWeb/2018/UploadAlertsFiles/NSQ%20ALERT%20FOR%20THE%20MONTH%20OF%20JANUARY-2025.pdf,data/raw/cdsco_alerts/central/2025-01_central_nsq.pdf,2507e55b9aeac5d2ea2ad74675ee99a01d37f37ab6bb283430b6351b5296497f,279688,2026-09-25T06:36:24Z,200,application/pdf,10,num_id=MTI1NTU=; title=NSQ ALERT FOR THE MONTH OF JANUARY-2025; released=2025-02-28
https://cdsco.gov.in/opencms/resources/UploadCDSCOWeb/2018/UploadAlertsFiles/NSQ%20ALERT%20FOR%20THE%20MONTH%20OF%20Feb-2025.pdf,data/raw/cdsco_alerts/central/2025-02_central_nsq.pdf,167371d7ead3be9724f89f9714e2e5a7ac7a06e9303704edd6d37e4bada50064,158846,2026-09-25T06:35:52Z,200,application/pdf,6,num_id=MTI2MTM=; title=NSQ ALERT FOR THE MONTH OF Feb-2025; released=2025-03-29
https://cdsco.gov.in/opencms/resources/UploadCDSCOWeb/2018/UploadAlertsFiles/NSQ%20Alert%20For%20The%20Month%20of%20March-2025.pdf,data/raw/cdsco_alerts/central/2025-03_central_nsq.pdf,55187790a0bec8596a6275fc05433a52a8adbe98cf46e524f40132833c238fae,181293,2026-09-25T06:35:11Z,200,application/pdf,9,num_id=MTI2Njk=; title=NOT OF STANDARD QUALITY (NSQ) ALERT FOR THE MONTH OF MARCH-2025; released=2025-04-18
https://cdsco.gov.in/opencms/resources/UploadCDSCOWeb/2018/UploadAlertsFiles/CDSCO%20NSQ%20ALERT%20FOR%20THE%20MONTH%20OF%20APRIL-2025.pdf,data/raw/cdsco_alerts/central/2025-04_central_nsq.pdf,0b97f83719198cf8202c5caba4a5feecfd20f49175732cd6ebeef4944e612c82,154834,2026-09-25T06:34:44Z,200,application/pdf,7,num_id=MTI3Mzg=; title=Not Of Standard of Quality (NSQ) ALERT FOR THE MONTH OF April-2025; released=2025-05-20
https://cdsco.gov.in/opencms/resources/UploadCDSCOWeb/2018/UploadAlertsFiles/NSQ%20ALERT%20MAY-2025.pdf,data/raw/cdsco_alerts/central/2025-05_central_nsq.pdf,ea2b9aecce6dcd1073c83dcaa661b87265c648e1096036b9e53f12cb6f727b2a,201551,2026-09-25T06:34:21Z,200,application/pdf,7,num_id=MTI4NDc=; title=NSQ ALERT FOR THE MONTH OF MAY-2025; released=2025-06-20
https://cdsco.gov.in/opencms/resources/UploadCDSCOWeb/2018/UploadAlertsFiles/CDSCO%20NSQ%20june25.pdf,data/raw/cdsco_alerts/central/2025-06_central_nsq.pdf,e4d55f085dcfb29bb808c55ddd89a374c1f256c4a620af95a2c50144ce410509,188795,2026-09-25T06:33:20Z,200,application/pdf,6,num_id=MTI5Mjc=; title=CDSCO NSQ ALERT FOR THE MONTH OF June 2025; released=2025-07-18
https://cdsco.gov.in/opencms/resources/UploadCDSCOWeb/2018/UploadAlertsFiles/alertdec23.pdf,data/raw/cdsco_alerts/combined/2023-12_combined.pdf,794be036c4482717dfd0864a52a5993dafc19a0a6db9152807f638697474c4da,435363,2026-09-25T06:41:11Z,200,application/pdf,12,num_id=MTA4NTE=; title=Drug Alert for the Month of December 2023; released=2024-01-19
https://cdsco.gov.in/opencms/resources/UploadCDSCOWeb/2018/UploadAlertsFiles/Drugs%20Alert%20List_Jan%20024.pdf,data/raw/cdsco_alerts/combined/2024-01_combined.pdf,009ced2b4de96a0d0a5296904ffc86b3a0ed9d81a62e3fbe0bcfd78f6f24259c,372550,2026-09-25T06:40:40Z,200,application/pdf,8,num_id=MTA5Mzk=; title=Drug Alert for the Month of January 2024; released=2024-02-21
https://cdsco.gov.in/opencms/resources/UploadCDSCOWeb/2018/UploadAlertsFiles/Feb2024%20alert.pdf,data/raw/cdsco_alerts/combined/2024-02_combined.pdf,9245822caf6ec6b0e796d9830efc305300e6469f53317ab547d0d8796f9e92b0,411028,2026-09-25T06:40:22Z,200,application/pdf,12,num_id=MTEwMTM=; title=Drug Alert for the Month of February 2024; released=2024-03-20
https://cdsco.gov.in/opencms/resources/UploadCDSCOWeb/2018/UploadAlertsFiles/List%20of%20Drug%20Alert%20-March-2024.pdf,data/raw/cdsco_alerts/combined/2024-03_combined.pdf,5534ce0bba39b9c2d6b91b545ed3d066e6bb5a02eb6feee21974c1a4c1f9fe0a,106425,2026-09-25T06:40:14Z,200,application/pdf,7,num_id=MTExMTU=; title=Drug Alert for the Month of March 2024; released=2024-04-16
https://cdsco.gov.in/opencms/resources/UploadCDSCOWeb/2018/UploadAlertsFiles/aret%20all%20Stakeholders.pdf,data/raw/cdsco_alerts/other/availability_of_not_standard_quality_nsq_alert_on_new_link_in_cdsco_website.pdf,feb44f8b0ac2e7afdb75a49366646578dc86d25595612cbc2a2221030daf057b,2297975,2026-09-25T06:33:12Z,200,application/pdf,1,num_id=MTMyNDU=; title=Availability of Not Standard Quality (NSQ) Alert on New Link in CDSCO Website; released=2025-08-28
https://cdsco.gov.in/opencms/resources/UploadCDSCOWeb/2018/UploadAlertsFiles/Revised%20Dec%202023.pdf,data/raw/cdsco_alerts/other/drug_alert_for_the_month_of_revised_dec_2023.pdf,18e7fb2c6e681b0d9807dd5d842bc0db4a483328e41fdec0c4b066b94492778f,398115,2026-09-25T06:41:01Z,200,application/pdf,1,num_id=MTA5NDA=; title=Drug Alert for the Month of Revised Dec 2023; released=2024-02-21
https://cdsco.gov.in/opencms/resources/UploadCDSCOWeb/2018/UploadAlertsFiles/Jan2024%20Alert%20(Revised).pdf,data/raw/cdsco_alerts/other/drug_alert_for_the_month_of_revised_jan_2024.pdf,e9b1607fc64afa2618fb7146ac80f82c64b6d13f618975345754af8c1eda386d,462363,2026-09-25T06:40:32Z,200,application/pdf,1,num_id=MTEwMTQ=; title=Drug Alert for the Month of Revised Jan 2024; released=2024-03-20
https://cdsco.gov.in/opencms/resources/UploadCDSCOWeb/2018/UploadAlertsFiles/Revised%20March%202023.pdf,data/raw/cdsco_alerts/other/drug_alert_for_the_month_of_revised_march_2023.pdf,8b11c32755edb240f721ab668d0b1cef465570ac4b75341785674439590bb903,502274,2026-09-25T06:40:51Z,200,application/pdf,1,num_id=MTA5NDE=; title=Drug Alert for the Month of Revised March 2023; released=2024-02-21
https://cdsco.gov.in/opencms/resources/UploadCDSCOWeb/2018/UploadAlertsFiles/Revise%20Drug%20Alert%20for%20the%20Month%20of%20January2025.pdf,data/raw/cdsco_alerts/other/list_of_drugs_medical_devices_vaccine_and_cosmetics_declared_as_not_of_standard_quality_sp.pdf,ef05f7369d23ef5140330e8d94187689567431be3c15fdea31d6b1a2bc7e8ec1,51752,2026-09-25T06:34:36Z,200,application/pdf,1,"num_id=MTI3Mzc=; title=List of Drugs, Medical Devices, Vaccine and Cosmetics declared as Not of Standard Quality/Spurious/Adulterated/Misbranded for the Month of January– 2025 Revised; released=2025-05-20"
https://cdsco.gov.in/opencms/resources/UploadCDSCOWeb/2018/UploadAlertsFiles/Revise%20list%20drug%20alert%20January-2025.pdf,data/raw/cdsco_alerts/other/revise_list_drug_alert_january_2025.pdf,c1df83663689a1190df821ff46a2d522d35ded54a213474b728b50063024c954,109929,2026-09-25T06:35:28Z,200,application/pdf,1,num_id=MTI2NzE=; title=Revise list drug alert January-2025; released=2025-04-18
https://cdsco.gov.in/opencms/resources/UploadCDSCOWeb/2018/UploadAlertsFiles/Revisealert%20May-2025.pdf,data/raw/cdsco_alerts/other/revise_list_drug_alert_may_2025.pdf,0ba4117374cfb2bb778fdc80191c2c352dcc3eb755734adff3437de232d60ff0,170579,2026-09-25T06:33:44Z,200,application/pdf,1,num_id=MTI5NjA=; title=Revise list drug alert May-2025; released=2025-07-18
https://cdsco.gov.in/opencms/resources/UploadCDSCOWeb/2018/UploadAlertsFiles/Revise%20list%20drug%20alert%20November-2024.pdf,data/raw/cdsco_alerts/other/revise_list_drug_alert_november_2024.pdf,67f41777ed98a9773f990952b61625b5221cc315efff1cccfa0b957234b18b56,109436,2026-09-25T06:35:36Z,200,application/pdf,1,num_id=MTI2NzA=; title=Revise list drug alert November-2024; released=2025-04-18
https://cdsco.gov.in/opencms/resources/UploadCDSCOWeb/2018/UploadAlertsFiles/nsq1723.pdf,data/raw/cdsco_alerts/other/samples_declared_nsq_2017_2023.pdf,36a0e5447692cae42e7d828bed17fa96599e7df917275143f44f788b123cd0d5,336466,2026-09-25T06:38:51Z,200,application/pdf,5,num_id=MTE5NTU=; title=Samples declared NSQ 2017-2023; released=2024-09-11
https://cdsco.gov.in/opencms/resources/UploadCDSCOWeb/2018/UploadAlertsFiles/SPURIOUS%20ALERTaprl24.pdf,data/raw/cdsco_alerts/spurious/2024-04_spurious.pdf,0ddfa36a2904691416e54730ef14f37110e2ae8acf55261244ddbac1778f9e2e,427055,2026-09-25T06:39:55Z,200,application/pdf,3,num_id=MTEyNTU=; title=SPURIOUS ALERT FOR THE MONTH OF APRIL 2024; released=2024-05-17
https://cdsco.gov.in/opencms/resources/UploadCDSCOWeb/2018/UploadAlertsFiles/List%20of%20Drugs%20%20declared%20as%20spurious.pdf,data/raw/cdsco_alerts/spurious/2024-08_spurious.pdf,3410887c8a8a0ddcd8fba4eb5908beba6d23f80f92e15f19303e59831646b70e,172249,2026-09-25T06:38:22Z,200,application/pdf,2,num_id=MTIwMTE=; title=List of Drugs Medical Devices Vaccine and Cosmetics declared as Spurious Adulterated Misbranded for the Month of August-2024; released=2024-09-20
https://cdsco.gov.in/opencms/resources/UploadCDSCOWeb/2018/UploadAlertsFiles/List%20of%20spurious%20Drugs%20for%20the%20month%20of%20Sept-2024.pdf,data/raw/cdsco_alerts/spurious/2024-09_spurious.pdf,c85f6e2bb4f7cbfbeaa6def6d1c90db88e5ec82d66c1bf9cedab71d2fd441054,504178,2026-09-25T06:38:14Z,200,application/pdf,2,num_id=MTIwODI=; title=List of Drugs Medical Devices Vaccine and Cosmetics declared as Spurious for the Month of September 2024; released=2024-10-24
https://cdsco.gov.in/opencms/resources/UploadCDSCOWeb/2018/UploadAlertsFiles/List%20of%20Drugs-spurious%20alert%20-oct%202024.pdf,data/raw/cdsco_alerts/spurious/2024-10_spurious.pdf,109f95ba2162ecfee6cc5295abed634c4bf7dd4ddf7385a7b257a44032d43b64,387932,2026-09-25T06:37:30Z,200,application/pdf,2,num_id=MTIyMDM=; title=List of Drugs Medical Devices Vaccine and Cosmetics declared as Spurious for the Month of October 2024; released=2024-11-29
"https://cdsco.gov.in/opencms/resources/UploadCDSCOWeb/2018/UploadAlertsFiles/List%20of%20Drugs,%20Medical%20Devices,%20Vaccine%20and%20Cosmetics%20declared%20as%20Spurious%20for%20the%20Month%20of%20November%E2%80%93%202024.pdf",data/raw/cdsco_alerts/spurious/2024-11_spurious.pdf,e1951ead85b45629e9471b04c1a571e4b8a76be4aa2e4bf900235fc2c62f16fd,523830,2026-09-25T06:37:03Z,200,application/pdf,2,num_id=MTIyOTE=; title=List of Drugs Medical Devices Vaccine and Cosmetics declared as Spurious for the Month of November 2024; released=2024-12-27
https://cdsco.gov.in/opencms/resources/UploadCDSCOWeb/2018/UploadAlertsFiles/md%20Cosmetics%20declared%20as%20Spurious%20for%20the%20Month%20of%20February-2025.pdf,data/raw/cdsco_alerts/spurious/2025-02_spurious.pdf,5d53f397889321163e89831f85fe2006c1f12d8f9486e945ed32ad2df362cda8,167787,2026-09-25T06:36:02Z,200,application/pdf,1,"num_id=MTI2MTI=; title=List of Drugs, Medical Devices, Vaccine and Cosmetics declared as Spurious for the Month of February-2025; released=2025-03-29"
https://cdsco.gov.in/opencms/resources/UploadCDSCOWeb/2018/UploadAlertsFiles/mdmar25.pdf,data/raw/cdsco_alerts/spurious/2025-03_spurious.pdf,34d18af4c554787c9453ba804dad871ce9b139b7c08df54cdce3ebed8fd4c18d,120864,2026-09-25T06:35:19Z,200,application/pdf,1,num_id=MTI2Njc=; title=List of Drugs Medical Devices Vaccine and Cosmetics declared as Spurious for the Month of March- 2025; released=2025-04-18
https://cdsco.gov.in/opencms/resources/UploadCDSCOWeb/2018/UploadAlertsFiles/List%20of%20mdapril25.pdf,data/raw/cdsco_alerts/spurious/2025-04_spurious.pdf,593446c0d2142fedd7977696b7a9c38db92ffb4edc986f17ad0af1250220b36a,120159,2026-09-25T06:34:28Z,200,application/pdf,1,num_id=MTI3NDA=; title=List of Drugs Medical Devices Vaccine and Cosmetics declared as Spurious for the Month of April-2025; released=2025-05-20
https://cdsco.gov.in/opencms/resources/UploadCDSCOWeb/2018/UploadAlertsFiles/md%20Vaccine%20and%20Cosmetics%20declared%20as%20Spurious%20for%20the%20Month%20of%20May-2025.pdf,data/raw/cdsco_alerts/spurious/2025-05_spurious.pdf,8b0877f57cee6fd2e9ea7174be7124250dd565daaccb03d6116fc9c4d7aea15b,204765,2026-09-25T06:34:00Z,200,application/pdf,2,"num_id=MTI4NDU=; title=List of Drugs, Medical Devices, Vaccine and Cosmetics declared as Spurious for the Month of May-2025; released=2025-06-20"
https://cdsco.gov.in/opencms/resources/UploadCDSCOWeb/2018/UploadAlertsFiles/List%20of%20spurious%20Drugs%20June-2025.pdf,data/raw/cdsco_alerts/spurious/2025-06_spurious.pdf,7ddd0c43d13b56f76ed1a4097c992a963e71f45430c52f25429d389c28c85e0b,129866,2026-09-25T06:33:27Z,200,application/pdf,2,num_id=MTI5NTk=; title=List of spurious Drugs for the month of June-2025; released=2025-07-18
https://cdsco.gov.in/opencms/resources/UploadCDSCOWeb/2018/UploadAlertsFiles/NSQ%20may-2024%20State%20labs.pdf,data/raw/cdsco_alerts/state/2024-05_state_nsq.pdf,4552c0329f1888a312698f5fe2a0351e5756d8c9dbb23cd422fbeecbebbe7d79,180473,2026-09-25T06:39:37Z,200,application/pdf,6,num_id=MTEzNzM=; title=NSQ May 2024 State Labs; released=2024-06-20
https://cdsco.gov.in/opencms/resources/UploadCDSCOWeb/2018/UploadAlertsFiles/STATE%20NSQ%20ALERT%20FOR%20THE%20MONTH%20OF%20JUNE-2024.pdf,data/raw/cdsco_alerts/state/2024-06_state_nsq.pdf,c804ec81b177a1d75181d6f4129d4a3bc7353e636ea8b4f8b951cf5577f38374,548264,2026-09-25T06:39:28Z,200,application/pdf,9,num_id=MTE0Njc=; title=State NSQ ALERT FOR THE MONTH OF JUNE 2024; released=2024-07-19
https://cdsco.gov.in/opencms/resources/UploadCDSCOWeb/2018/UploadAlertsFiles/STATE%20NSQ%20ALERT%20FOR%20THE%20MONTH%20OF%20July-2024.pdf,data/raw/cdsco_alerts/state/2024-07_state_nsq.pdf,c1eace5a36cabbd150f4e830ce2262a203dcf794568d4a08e1a66b3325bc18a7,434860,2026-09-25T06:39:02Z,200,application/pdf,3,num_id=MTE2MDE=; title=STATE NSQ ALERT FOR THE MONTH OF July-2024; released=2024-08-22
https://cdsco.gov.in/opencms/resources/UploadCDSCOWeb/2018/UploadAlertsFiles/STATE%20August-2024.pdf,data/raw/cdsco_alerts/state/2024-08_state_nsq.pdf,4c1887310569d83d4b4ce2770d3f83fed079a39e8f1f1798c40ec07f715d8110,378349,2026-09-25T06:38:31Z,200,application/pdf,3,num_id=MTIwMTI=; title=State Drug Alert for the Month of August 2024; released=2024-09-20
https://cdsco.gov.in/opencms/resources/UploadCDSCOWeb/2018/UploadAlertsFiles/State%20NSQ%20Alert%20For%20The%20Month%20Of%20Sept-2024.pdf,data/raw/cdsco_alerts/state/2024-09_state_nsq.pdf,59ec86edf034612c0ab8da5c83b78c7ab63b6753eca1a1f3372e64012b3ad55a,414484,2026-09-25T06:38:00Z,200,application/pdf,5,num_id=MTIwODM=; title=State Drug Alert for the Month of September 2024; released=2024-10-24
https://cdsco.gov.in/opencms/resources/UploadCDSCOWeb/2018/UploadAlertsFiles/STATE%20NSQ%20ALERT%20FOR%20THE%20MONTH%20OF%20October-2024.pdf,data/raw/cdsco_alerts/state/2024-10_state_nsq.pdf,2ad616ccf78650e02a29a9ddf42532ef3edf9865961c6088f468e42254e19190,851791,2026-09-25T06:37:38Z,200,application/pdf,9,num_id=MTIyMDI=; title=State Drug Alert for the Month of October 2024; released=2024-11-29
https://cdsco.gov.in/opencms/resources/UploadCDSCOWeb/2018/UploadAlertsFiles/STATE%20NSQ%20ALERT%20FOR%20THE%20MONTH%20OF%20NOVEMBER-2024.pdf,data/raw/cdsco_alerts/state/2024-11_state_nsq.pdf,f582691ff96bedf82f541b272e6633ac761e40e8b711f93acafee6044fc6d391,737417,2026-09-25T06:37:11Z,200,application/pdf,18,num_id=MTIyOTA=; title=State Drug Alert for the Month of November 2024; released=2024-12-27
https://cdsco.gov.in/opencms/resources/UploadCDSCOWeb/2018/UploadAlertsFiles/STATE%20NSQ%20ALERT%20FOR%20THE%20MONTH%20OF%20DEC-2024.%20(2).pdf,data/raw/cdsco_alerts/state/2024-12_state_nsq.pdf,e86b0d9dcffe66f624447322efec9c24d591abb7a53312a350d4888855e25bf5,627484,2026-09-25T06:36:35Z,200,application/pdf,18,num_id=MTIzOTQ=; title=State Drug Alert for the Month of December 2024; released=2025-01-24
https://cdsco.gov.in/opencms/resources/UploadCDSCOWeb/2018/UploadAlertsFiles/STATE%20NSQ%20ALERT%20FOR%20THE%20MONTH%20OF%20JANUARY-2025.pdf,data/raw/cdsco_alerts/state/2025-01_state_nsq.pdf,db4fd6b5eb485d04d4c879e3f9f9d22f0b58f6fc0c1fd4732cf26da0b01be7aa,465610,2026-09-25T06:36:14Z,200,application/pdf,22,num_id=MTI1NTY=; title=STATE NSQ ALERT FOR THE MONTH OF JANUARY-2025; released=2025-02-28
https://cdsco.gov.in/opencms/resources/UploadCDSCOWeb/2018/UploadAlertsFiles/STATE%20NSQ%20T%20FOR%20THE%20MONTH%20OF%20FEBRUARY-2025.pdf,data/raw/cdsco_alerts/state/2025-02_state_nsq.pdf,288824ec597a07f31db931a849b20ab7e46ee404cba10abacc4cd2e873ee0109,253849,2026-09-25T06:35:43Z,200,application/pdf,16,num_id=MTI2MTQ=; title=STATE NSQ ALERT FOR THE MONTH OF FEBRUARY-2025; released=2025-03-29
https://cdsco.gov.in/opencms/resources/UploadCDSCOWeb/2018/UploadAlertsFiles/Stat2025.pdf,data/raw/cdsco_alerts/state/2025-03_state_nsq.pdf,13936dbae6b67edb4834d620dd02e0fa45fb086bc6521420d40262d7ccbc97b5,211384,2026-09-25T06:35:02Z,200,application/pdf,9,num_id=MTI2Njg=; title=State NSQ Alert For The Month March-2025; released=2025-04-18
https://cdsco.gov.in/opencms/resources/UploadCDSCOWeb/2018/UploadAlertsFiles/stnsqapr25.pdf,data/raw/cdsco_alerts/state/2025-04_state_nsq.pdf,4008fb24706217375e0205f11221fe9981552979baf8c3d9e8ab9715157ffb93,352704,2026-09-25T06:34:52Z,200,application/pdf,22,num_id=MTI3Mzk=; title=State NSQ Alert For The Month April-2025; released=2025-05-20
https://cdsco.gov.in/opencms/resources/UploadCDSCOWeb/2018/UploadAlertsFiles/STATE%20NSQ%20MAY-2025.pdf,data/raw/cdsco_alerts/state/2025-05_state_nsq.pdf,86f85691de1bcac94c6f2d88e570782f32419314f9ee80c0ff812ca353cc0a7d,436033,2026-09-25T06:34:12Z,200,application/pdf,19,num_id=MTI4NDY=; title=STATE NSQ ALERT FOR THE MONTH OF MAY-2025; released=2025-06-20
https://cdsco.gov.in/opencms/resources/UploadCDSCOWeb/2018/UploadAlertsFiles/STATE%20NSQ%20%20June%20-2025.pdf,data/raw/cdsco_alerts/state/2025-06_state_nsq.pdf,43de100540526f71bd7555afeecb84ffc64c308e1a564d37c91e0446c2b307c3,424014,2026-09-25T06:33:36Z,200,application/pdf,15,num_id=MTI5MjY=; title=STATE NSQ ALERT FOR THE MONTH OF June 2025; released=2025-07-18
