num_id,title,release_date,jsp_url
MTQ2ODY=,LIST OF REGISTRED BA-BE STUDY CENTRE & BIO-ANALYTICAL LABORATORY under NDCT Rules 2019,2026-09-18,https://cdsco.gov.in/opencms/opencms/system/modules/CDSCO.WEB/elements/download_file_division.jsp?num_id=MTQ2ODY=
MTM0ODc=,Circular to all State/UT Licensing Authorities regarding recent revised GST rate Structure,2025-10-08,https://cdsco.gov.in/opencms/opencms/system/modules/CDSCO.WEB/elements/download_file_division.jsp?num_id=MTM0ODc=
MTMyNDU=,Availability of Not Standard Quality (NSQ) Alert on New Link in CDSCO Website,2025-08-28,https://cdsco.gov.in/opencms/opencms/system/modules/CDSCO.WEB/elements/download_file_division.jsp?num_id=MTMyNDU=
MTMxNzQ=,Alert on theft of multiple drug products of M/s. Novo Nordisk during transit,2025-08-21,https://cdsco.gov.in/opencms/opencms/system/modules/CDSCO.WEB/elements/download_file_division.jsp?num_id=MTMxNzQ=
MTMzMzM=,corrigendum of (M/s. Spectra Medical Pvt Ltd) dated 21.08.2025,2025-08-21,https://cdsco.gov.in/opencms/opencms/system/modules/CDSCO.WEB/elements/download_file_division.jsp?num_id=MTMzMzM=
MTI5Mjc=,CDSCO NSQ ALERT FOR THE MONTH OF June 2025,2025-07-18,https://cdsco.gov.in/opencms/opencms/system/modules/CDSCO.WEB/elements/download_file_division.jsp?num_id=MTI5Mjc=
MTI5NTk=,List of spurious Drugs for the month of June-2025,2025-07-18,https://cdsco.gov.in/opencms/opencms/system/modules/CDSCO.WEB/elements/download_file_division.jsp?num_id=MTI5NTk=
MTI5MjY=,STATE NSQ ALERT FOR THE MONTH OF June 2025,2025-07-18,https://cdsco.gov.in/opencms/opencms/system/modules/CDSCO.WEB/elements/download_file_division.jsp?num_id=MTI5MjY=
MTI5NjA=,Revise list drug alert May-2025,2025-07-18,https://cdsco.gov.in/opencms/opencms/system/modules/CDSCO.WEB/elements/download_file_division.jsp?num_id=MTI5NjA=
MTI4NDU=,"List of Drugs, Medical Devices, Vaccine and Cosmetics declared as Spurious for the Month of May-2025",2025-06-20,https://cdsco.gov.in/opencms/opencms/system/modules/CDSCO.WEB/elements/download_file_division.jsp?num_id=MTI4NDU=
MTI4NDY=,STATE NSQ ALERT FOR THE MONTH OF MAY-2025,2025-06-20,https://cdsco.gov.in/opencms/opencms/system/modules/CDSCO.WEB/elements/download_file_division.jsp?num_id=MTI4NDY=
MTI4NDc=,NSQ ALERT FOR THE MONTH OF MAY-2025,2025-06-20,https://cdsco.gov.in/opencms/opencms/system/modules/CDSCO.WEB/elements/download_file_division.jsp?num_id=MTI4NDc=
MTI3NDA=,List of Drugs Medical Devices Vaccine and Cosmetics declared as Spurious for the Month of April-2025,2025-05-20,https://cdsco.gov.in/opencms/opencms/system/modules/CDSCO.WEB/elements/download_file_division.jsp?num_id=MTI3NDA=
MTI3Mzc=,"List of Drugs, Medical Devices, Vaccine and Cosmetics declared as Not of Standard Quality/Spurious/Adulterated/Misbranded for the Month of January– 2025 Revised",2025-05-20,https://cdsco.gov.in/opencms/opencms/system/modules/CDSCO.WEB/elements/download_file_division.jsp?num_id=MTI3Mzc=
MTI3Mzg=,Not Of Standard of Quality (NSQ) ALERT FOR THE MONTH OF April-2025,2025-05-20,https://cdsco.gov.in/opencms/opencms/system/modules/CDSCO.WEB/elements/download_file_division.jsp?num_id=MTI3Mzg=
MTI3Mzk=,State NSQ Alert For The Month April-2025,2025-05-20,https://cdsco.gov.in/opencms/opencms/system/modules/CDSCO.WEB/elements/download_file_division.jsp?num_id=MTI3Mzk=
MTI2Njg=,State NSQ Alert For The Month March-2025,2025-04-18,https://cdsco.gov.in/opencms/opencms/system/modules/CDSCO.WEB/elements/download_file_division.jsp?num_id=MTI2Njg=
MTI2Njk=,NOT OF STANDARD QUALITY (NSQ) ALERT FOR THE MONTH OF MARCH-2025,2025-04-18,https://cdsco.gov.in/opencms/opencms/system/modules/CDSCO.WEB/elements/download_file_division.jsp?num_id=MTI2Njk=
MTI2Njc=,List of Drugs Medical Devices Vaccine and Cosmetics declared as Spurious for the Month of March- 2025,2025-04-18,https://cdsco.gov.in/opencms/opencms/system/modules/CDSCO.WEB/elements/download_file_division.jsp?num_id=MTI2Njc=
MTI2NzE=,Revise list drug alert January-2025,2025-04-18,https://cdsco.gov.in/opencms/opencms/system/modules/CDSCO.WEB/elements/download_file_division.jsp?num_id=MTI2NzE=
MTI2NzA=,Revise list drug alert November-2024,2025-04-18,https://cdsco.gov.in/opencms/opencms/system/modules/CDSCO.WEB/elements/download_file_division.jsp?num_id=MTI2NzA=
MTI2MTQ=,STATE NSQ ALERT FOR THE MONTH OF FEBRUARY-2025,2025-03-29,https://cdsco.gov.in/opencms/opencms/system/modules/CDSCO.WEB/elements/download_file_division.jsp?num_id=MTI2MTQ=
MTI2MTM=,NSQ ALERT FOR THE MONTH OF Feb-2025,2025-03-29,https://cdsco.gov.in/opencms/opencms/system/modules/CDSCO.WEB/elements/download_file_division.jsp?num_id=MTI2MTM=
MTI2MTI=,"List of Drugs, Medical Devices, Vaccine and Cosmetics declared as Spurious for the Month of February-2025",2025-03-29,https://cdsco.gov.in/opencms/opencms/system/modules/CDSCO.WEB/elements/download_file_division.jsp?num_id=MTI2MTI=
MTI1NTY=,STATE NSQ ALERT FOR THE MONTH OF JANUARY-2025,2025-02-28,https://cdsco.gov.in/opencms/opencms/system/modules/CDSCO.WEB/elements/download_file_division.jsp?num_id=MTI1NTY=
MTI1NTU=,NSQ ALERT FOR THE MONTH OF JANUARY-2025,2025-02-28,https://cdsco.gov.in/opencms/opencms/system/modules/CDSCO.WEB/elements/download_file_division.jsp?num_id=MTI1NTU=
MTIzOTQ=,State Drug Alert for the Month of December 2024,2025-01-24,https://cdsco.gov.in/opencms/opencms/system/modules/CDSCO.WEB/elements/download_file_division.jsp?num_id=MTIzOTQ=
MTIzOTM=,Drug Alert for the Month of December 2024,2025-01-24,https://cdsco.gov.in/opencms/opencms/system/modules/CDSCO.WEB/elements/download_file_division.jsp?num_id=MTIzOTM=
MTIyOTI=,Drug Alert for the Month of November 2024,2024-12-27,https://cdsco.gov.in/opencms/opencms/system/modules/CDSCO.WEB/elements/download_file_division.jsp?num_id=MTIyOTI=
MTIyOTE=,List of Drugs Medical Devices Vaccine and Cosmetics declared as Spurious for the Month of November 2024,2024-12-27,https://cdsco.gov.in/opencms/opencms/system/modules/CDSCO.WEB/elements/download_file_division.jsp?num_id=MTIyOTE=
MTIyOTA=,State Drug Alert for the Month of November 2024,2024-12-27,https://cdsco.gov.in/opencms/opencms/system/modules/CDSCO.WEB/elements/download_file_division.jsp?num_id=MTIyOTA=
MTIyMDQ=,Drug Alert for the Month of October 2024,2024-11-29,https://cdsco.gov.in/opencms/opencms/system/modules/CDSCO.WEB/elements/download_file_division.jsp?num_id=MTIyMDQ=
MTIyMDM=,List of Drugs Medical Devices Vaccine and Cosmetics declared as Spurious for the Month of October 2024,2024-11-29,https://cdsco.gov.in/opencms/opencms/system/modules/CDSCO.WEB/elements/download_file_division.jsp?num_id=MTIyMDM=
MTIyMDI=,State Drug Alert for the Month of October 2024,2024-11-29,https://cdsco.gov.in/opencms/opencms/system/modules/CDSCO.WEB/elements/download_file_division.jsp?num_id=MTIyMDI=
MTIwODQ=,Drug Alert for the Month of September 2024,2024-10-24,https://cdsco.gov.in/opencms/opencms/system/modules/CDSCO.WEB/elements/download_file_division.jsp?num_id=MTIwODQ=
MTIwODM=,State Drug Alert for the Month of September 2024,2024-10-24,https://cdsco.gov.in/opencms/opencms/system/modules/CDSCO.WEB/elements/download_file_division.jsp?num_id=MTIwODM=
MTIwODI=,List of Drugs Medical Devices Vaccine and Cosmetics declared as Spurious for the Month of September 2024,2024-10-24,https://cdsco.gov.in/opencms/opencms/system/modules/CDSCO.WEB/elements/download_file_division.jsp?num_id=MTIwODI=
MTIwMTE=,List of Drugs Medical Devices Vaccine and Cosmetics declared as Spurious Adulterated Misbranded for the Month of August-2024,2024-09-20,https://cdsco.gov.in/opencms/opencms/system/modules/CDSCO.WEB/elements/download_file_division.jsp?num_id=MTIwMTE=
MTIwMTI=,State Drug Alert for the Month of August 2024,2024-09-20,https://cdsco.gov.in/opencms/opencms/system/modules/CDSCO.WEB/elements/download_file_division.jsp?num_id=MTIwMTI=
MTIwMTA=,Drug Alert for the Month of August 2024,2024-09-20,https://cdsco.gov.in/opencms/opencms/system/modules/CDSCO.WEB/elements/download_file_division.jsp?num_id=MTIwMTA=
MTE5NTU=,Samples declared NSQ 2017-2023,2024-09-11,https://cdsco.gov.in/opencms/opencms/system/modules/CDSCO.WEB/elements/download_file_division.jsp?num_id=MTE5NTU=
MTE2MDE=,STATE NSQ ALERT FOR THE MONTH OF July-2024,2024-08-22,https://cdsco.gov.in/opencms/opencms/system/modules/CDSCO.WEB/elements/download_file_division.jsp?num_id=MTE2MDE=
MTE2MDA=,NSQ ALERT FOR THE MONTH OF JUlY-2024,2024-08-22,https://cdsco.gov.in/opencms/opencms/system/modules/CDSCO.WEB/elements/download_file_division.jsp?num_id=MTE2MDA=
MTE0Njg=,NSQ ALERT FOR THE MONTH OF JUNE 2024,2024-07-19,https://cdsco.gov.in/opencms/opencms/system/modules/CDSCO.WEB/elements/download_file_division.jsp?num_id=MTE0Njg=
MTE0Njc=,State NSQ ALERT FOR THE MONTH OF JUNE 2024,2024-07-19,https://cdsco.gov.in/opencms/opencms/system/modules/CDSCO.WEB/elements/download_file_division.jsp?num_id=MTE0Njc=
MTEzNzM=,NSQ May 2024 State Labs,2024-06-20,https://cdsco.gov.in/opencms/opencms/system/modules/CDSCO.WEB/elements/download_file_division.jsp?num_id=MTEzNzM=
MTEzNzI=,NSQ May 2024 CDSCO Labs,2024-06-20,https://cdsco.gov.in/opencms/opencms/system/modules/CDSCO.WEB/elements/download_file_division.jsp?num_id=MTEzNzI=
MTEyNTU=,SPURIOUS ALERT FOR THE MONTH OF APRIL 2024,2024-05-17,https://cdsco.gov.in/opencms/opencms/system/modules/CDSCO.WEB/elements/download_file_division.jsp?num_id=MTEyNTU=
MTEyNTY=,NOT OF STANDARD QUALITY ALERT FOR THE MONTH OF APRIL 2024,2024-05-17,https://cdsco.gov.in/opencms/opencms/system/modules/CDSCO.WEB/elements/download_file_division.jsp?num_id=MTEyNTY=
MTExMTU=,Drug Alert for the Month of March 2024,2024-04-16,https://cdsco.gov.in/opencms/opencms/system/modules/CDSCO.WEB/elements/download_file_division.jsp?num_id=MTExMTU=
MTEwMTM=,Drug Alert for the Month of February 2024,2024-03-20,https://cdsco.gov.in/opencms/opencms/system/modules/CDSCO.WEB/elements/download_file_division.jsp?num_id=MTEwMTM=
MTEwMTQ=,Drug Alert for the Month of Revised Jan 2024,2024-03-20,https://cdsco.gov.in/opencms/opencms/system/modules/CDSCO.WEB/elements/download_file_division.jsp?num_id=MTEwMTQ=
MTA5Mzk=,Drug Alert for the Month of January 2024,2024-02-21,https://cdsco.gov.in/opencms/opencms/system/modules/CDSCO.WEB/elements/download_file_division.jsp?num_id=MTA5Mzk=
MTA5NDE=,Drug Alert for the Month of Revised March 2023,2024-02-21,https://cdsco.gov.in/opencms/opencms/system/modules/CDSCO.WEB/elements/download_file_division.jsp?num_id=MTA5NDE=
MTA5NDA=,Drug Alert for the Month of Revised Dec 2023,2024-02-21,https://cdsco.gov.in/opencms/opencms/system/modules/CDSCO.WEB/elements/download_file_division.jsp?num_id=MTA5NDA=
MTA4NTE=,Drug Alert for the Month of December 2023,2024-01-19,https://cdsco.gov.in/opencms/opencms/system/modules/CDSCO.WEB/elements/download_file_division.jsp?num_id=MTA4NTE=
MTIwMDI=,ZyCoV-D SmPc and Factsheet,2023-12-26,https://cdsco.gov.in/opencms/opencms/system/modules/CDSCO.WEB/elements/download_file_division.jsp?num_id=MTIwMDI=
MTA3ODQ=,Drug Alert for the Month of November 2023,2023-12-20,https://cdsco.gov.in/opencms/opencms/system/modules/CDSCO.WEB/elements/download_file_division.jsp?num_id=MTA3ODQ=
MTA3ODU=,Drug Alert for the Month of May – 2022 Revised,2023-12-20,https://cdsco.gov.in/opencms/opencms/system/modules/CDSCO.WEB/elements/download_file_division.jsp?num_id=MTA3ODU=
MTA2NjY=,Drug Alert for the Month of October 2023,2023-11-20,https://cdsco.gov.in/opencms/opencms/system/modules/CDSCO.WEB/elements/download_file_division.jsp?num_id=MTA2NjY=
MTA1ODM=,Drug Alert for the Month of September 2023,2023-10-19,https://cdsco.gov.in/opencms/opencms/system/modules/CDSCO.WEB/elements/download_file_division.jsp?num_id=MTA1ODM=
MTA1ODU=,Drug Alert for the Month of March 2023 (Revised),2023-10-19,https://cdsco.gov.in/opencms/opencms/system/modules/CDSCO.WEB/elements/download_file_division.jsp?num_id=MTA1ODU=
MTA1ODY=,Drug Alert for the Month of February 2023 (Revised),2023-10-19,https://cdsco.gov.in/opencms/opencms/system/modules/CDSCO.WEB/elements/download_file_division.jsp?num_id=MTA1ODY=
MTA1MTY=,July Revised Drugs Alert List 2023,2023-09-20,https://cdsco.gov.in/opencms/opencms/system/modules/CDSCO.WEB/elements/download_file_division.jsp?num_id=MTA1MTY=
MTA1MTU=,Drug Alert list for month of August 2023,2023-09-20,https://cdsco.gov.in/opencms/opencms/system/modules/CDSCO.WEB/elements/download_file_division.jsp?num_id=MTA1MTU=
MTA1MDU=,"WHO Alert on falsified DEFITELIO (DEFIBROTIDE) 80 mg/ml concentrate for solution for infusion, B. No. 20G20A, Exp date 08/2024 mfg by: Gentium Srl and identified in India",2023-09-06,https://cdsco.gov.in/opencms/opencms/system/modules/CDSCO.WEB/elements/download_file_division.jsp?num_id=MTA1MDU=
MTA1MDQ=,Alert on falsified versions of Adcetris Injection Brentuximab Vedotin Manufactured by M/s Takeda Pharmaceuticals Company Ltd,2023-09-05,https://cdsco.gov.in/opencms/opencms/system/modules/CDSCO.WEB/elements/download_file_division.jsp?num_id=MTA1MDQ=
MTA0OTQ=,"Voluntary Recall of Digene Gel manufactured by M/s Abbott India Limited, L-18/19, Verna Industrial Estate, Salcette, Goa-403722",2023-08-31,https://cdsco.gov.in/opencms/opencms/system/modules/CDSCO.WEB/elements/download_file_division.jsp?num_id=MTA0OTQ=
MTA0MjY=,June Revised Drugs Alert List 2023,2023-08-22,https://cdsco.gov.in/opencms/opencms/system/modules/CDSCO.WEB/elements/download_file_division.jsp?num_id=MTA0MjY=
MTA0MjU=,Drug Alert list for month of July 2023,2023-08-18,https://cdsco.gov.in/opencms/opencms/system/modules/CDSCO.WEB/elements/download_file_division.jsp?num_id=MTA0MjU=
MTA0MTc=,Alert on Suspected Faisified Versions of Glucagon-Like Peptide 1 Receptor Agonist (GLP_1_RA) Products,2023-08-11,https://cdsco.gov.in/opencms/opencms/system/modules/CDSCO.WEB/elements/download_file_division.jsp?num_id=MTA0MTc=
MTAzNTk=,Drug Alert list for month of June 2023,2023-07-19,https://cdsco.gov.in/opencms/opencms/system/modules/CDSCO.WEB/elements/download_file_division.jsp?num_id=MTAzNTk=
MTAzNTQ=,Alert on Pholcodine containing cough and cold remedies,2023-07-14,https://cdsco.gov.in/opencms/opencms/system/modules/CDSCO.WEB/elements/download_file_division.jsp?num_id=MTAzNTQ=
MTAyNDg=,Drug Alert list for month of May 2023,2023-06-14,https://cdsco.gov.in/opencms/opencms/system/modules/CDSCO.WEB/elements/download_file_division.jsp?num_id=MTAyNDg=
MTAyNDY=,Drug Alert list for month of February 2023 (Revised),2023-06-13,https://cdsco.gov.in/opencms/opencms/system/modules/CDSCO.WEB/elements/download_file_division.jsp?num_id=MTAyNDY=
MTE5NDE=,NSQ of Typhoid Polysaccharide Vaccine TYPBAR,2023-06-08,https://cdsco.gov.in/opencms/opencms/system/modules/CDSCO.WEB/elements/download_file_division.jsp?num_id=MTE5NDE=
MTAxODI=,Medical Device Alert dated 08 May 2023,2023-05-23,https://cdsco.gov.in/opencms/opencms/system/modules/CDSCO.WEB/elements/download_file_division.jsp?num_id=MTAxODI=
MTAxNTQ=,Drug Alert list for month of April 2023,2023-05-16,https://cdsco.gov.in/opencms/opencms/system/modules/CDSCO.WEB/elements/download_file_division.jsp?num_id=MTAxNTQ=
MTE4NzQ=,NOT OF STANDARD QUALITY ALERT FOR THE MONTH OF APRIL-2023,2023-05-09,https://cdsco.gov.in/opencms/opencms/system/modules/CDSCO.WEB/elements/download_file_division.jsp?num_id=MTE4NzQ=
MTAwNjk=,Drug Alert list for month of March 2023,2023-04-24,https://cdsco.gov.in/opencms/opencms/system/modules/CDSCO.WEB/elements/download_file_division.jsp?num_id=MTAwNjk=
OTk4NQ==,Drug Alert list for month of February 2023,2023-03-30,https://cdsco.gov.in/opencms/opencms/system/modules/CDSCO.WEB/elements/download_file_division.jsp?num_id=OTk4NQ==
OTg4OQ==,Drug Alert list for month of January 2023,2023-02-20,https://cdsco.gov.in/opencms/opencms/system/modules/CDSCO.WEB/elements/download_file_division.jsp?num_id=OTg4OQ==
OTgxMQ==,Drug Alert list for month of December 2022,2023-01-13,https://cdsco.gov.in/opencms/opencms/system/modules/CDSCO.WEB/elements/download_file_division.jsp?num_id=OTgxMQ==
OTc1Ng==,Medical Device Alert dated 29 Dec 2022,2023-01-04,https://cdsco.gov.in/opencms/opencms/system/modules/CDSCO.WEB/elements/download_file_division.jsp?num_id=OTc1Ng==
OTYwOQ==,Drug Alert list for month of November 2022,2022-12-13,https://cdsco.gov.in/opencms/opencms/system/modules/CDSCO.WEB/elements/download_file_division.jsp?num_id=OTYwOQ==
OTY3NQ==,Drug Alert list for month of Feb 2022 (Revised),2022-12-08,https://cdsco.gov.in/opencms/opencms/system/modules/CDSCO.WEB/elements/download_file_division.jsp?num_id=OTY3NQ==
OTI4Ng==,Drug Alert list for month of October 2022 (Revised),2022-11-23,https://cdsco.gov.in/opencms/opencms/system/modules/CDSCO.WEB/elements/download_file_division.jsp?num_id=OTI4Ng==
OTE4Nw==,Drug Alert list for month of October 2022,2022-11-16,https://cdsco.gov.in/opencms/opencms/system/modules/CDSCO.WEB/elements/download_file_division.jsp?num_id=OTE4Nw==
OTEyMg==,Drug Alert list for month of September 2022,2022-10-17,https://cdsco.gov.in/opencms/opencms/system/modules/CDSCO.WEB/elements/download_file_division.jsp?num_id=OTEyMg==
OTAxMA==,Drug Alert list for month of August 2022,2022-09-12,https://cdsco.gov.in/opencms/opencms/system/modules/CDSCO.WEB/elements/download_file_division.jsp?num_id=OTAxMA==
ODk4Mw==,Drug Alert list for month of May 2022 (Revised),2022-09-01,https://cdsco.gov.in/opencms/opencms/system/modules/CDSCO.WEB/elements/download_file_division.jsp?num_id=ODk4Mw==
ODg3OA==,Drug Alert list for month of July 2022,2022-08-11,https://cdsco.gov.in/opencms/opencms/system/modules/CDSCO.WEB/elements/download_file_division.jsp?num_id=ODg3OA==
ODgyNQ==,Medical Device Alert date 21 July 2022,2022-07-21,https://cdsco.gov.in/opencms/opencms/system/modules/CDSCO.WEB/elements/download_file_division.jsp?num_id=ODgyNQ==
MTE5NDU=,NOT OF STANDARD QUALITY ALERT FOR THE MONTH OF JUNE-2022,2022-07-11,https://cdsco.gov.in/opencms/opencms/system/modules/CDSCO.WEB/elements/download_file_division.jsp?num_id=MTE5NDU=
ODc3MQ==,Drug Alert list for month of June 2022,2022-07-11,https://cdsco.gov.in/opencms/opencms/system/modules/CDSCO.WEB/elements/download_file_division.jsp?num_id=ODc3MQ==
ODY1OA==,Medical Device Alert date 21 June 2022,2022-06-21,https://cdsco.gov.in/opencms/opencms/system/modules/CDSCO.WEB/elements/download_file_division.jsp?num_id=ODY1OA==
ODY2NQ==,Drug Alert list for month of April 2022 (Revised),2022-06-15,https://cdsco.gov.in/opencms/opencms/system/modules/CDSCO.WEB/elements/download_file_division.jsp?num_id=ODY2NQ==
ODYxNg==,Medical Device Alert date 14 June 2022,2022-06-14,https://cdsco.gov.in/opencms/opencms/system/modules/CDSCO.WEB/elements/download_file_division.jsp?num_id=ODYxNg==
ODU3Mw==,Drug Alert list for month of May 2022,2022-06-10,https://cdsco.gov.in/opencms/opencms/system/modules/CDSCO.WEB/elements/download_file_division.jsp?num_id=ODU3Mw==
ODYxOA==,Drug Alert list for month of April 2022,2022-05-18,https://cdsco.gov.in/opencms/opencms/system/modules/CDSCO.WEB/elements/download_file_division.jsp?num_id=ODYxOA==
ODMyNg==,Drug Alert list for month of March 2022,2022-04-26,https://cdsco.gov.in/opencms/opencms/system/modules/CDSCO.WEB/elements/download_file_division.jsp?num_id=ODMyNg==
MTE5NDQ=,NOT OF STANDARD QUALITY ALERT FOR THE MONTH OF MAR-2022,2022-04-13,https://cdsco.gov.in/opencms/opencms/system/modules/CDSCO.WEB/elements/download_file_division.jsp?num_id=MTE5NDQ=
ODI3Nw==,Drug Alert list for month of February 2022,2022-03-21,https://cdsco.gov.in/opencms/opencms/system/modules/CDSCO.WEB/elements/download_file_division.jsp?num_id=ODI3Nw==
ODEyMw==,Drug Alert list for month of January 2022,2022-02-09,https://cdsco.gov.in/opencms/opencms/system/modules/CDSCO.WEB/elements/download_file_division.jsp?num_id=ODEyMw==
ODA4Ng==,Drug Alert list for month of December 2021,2022-01-17,https://cdsco.gov.in/opencms/opencms/system/modules/CDSCO.WEB/elements/download_file_division.jsp?num_id=ODA4Ng==
Nzk5OQ==,Drug Alert list for month of November 2021,2021-12-20,https://cdsco.gov.in/opencms/opencms/system/modules/CDSCO.WEB/elements/download_file_division.jsp?num_id=Nzk5OQ==
Nzg4OA==,Drug Alert list for month of October 2021,2021-11-11,https://cdsco.gov.in/opencms/opencms/system/modules/CDSCO.WEB/elements/download_file_division.jsp?num_id=Nzg4OA==
Nzg4MQ==,Medical Devices Alert 8 November 2021,2021-11-08,https://cdsco.gov.in/opencms/opencms/system/modules/CDSCO.WEB/elements/download_file_division.jsp?num_id=Nzg4MQ==
NzgxOQ==,Drug Alert list for month of September 2021,2021-10-22,https://cdsco.gov.in/opencms/opencms/system/modules/CDSCO.WEB/elements/download_file_division.jsp?num_id=NzgxOQ==
Nzc3MA==,Medical Devices Alert on MiniMed 620G Insulin Pump/Pump Kits & MiniMed 640G Insulin Pump/Pump kit of India Medtronic Ltd,2021-10-11,https://cdsco.gov.in/opencms/opencms/system/modules/CDSCO.WEB/elements/download_file_division.jsp?num_id=Nzc3MA==
NzY4NA==,Alert_FSN-Medtronic Heartware HVAD,2021-09-17,https://cdsco.gov.in/opencms/opencms/system/modules/CDSCO.WEB/elements/download_file_division.jsp?num_id=NzY4NA==
NzY1Ng==,Drug Alert list for month of August 2021,2021-09-09,https://cdsco.gov.in/opencms/opencms/system/modules/CDSCO.WEB/elements/download_file_division.jsp?num_id=NzY1Ng==
NzU3Ng==,Drug Alert list for month of July 2021,2021-08-13,https://cdsco.gov.in/opencms/opencms/system/modules/CDSCO.WEB/elements/download_file_division.jsp?num_id=NzU3Ng==
NzU3MQ==,Medical Devices alert for Ventilator of Philips August 2021,2021-08-09,https://cdsco.gov.in/opencms/opencms/system/modules/CDSCO.WEB/elements/download_file_division.jsp?num_id=NzU3MQ==
NzQ5NA==,Drug Alert list for month of June 2021,2021-07-26,https://cdsco.gov.in/opencms/opencms/system/modules/CDSCO.WEB/elements/download_file_division.jsp?num_id=NzQ5NA==
Nzg0MQ==,Drug Alert list for month of May 2021 Revised,2021-06-29,https://cdsco.gov.in/opencms/opencms/system/modules/CDSCO.WEB/elements/download_file_division.jsp?num_id=Nzg0MQ==
NzM1Nw==,Drug Alert list for month of May 2021,2021-06-28,https://cdsco.gov.in/opencms/opencms/system/modules/CDSCO.WEB/elements/download_file_division.jsp?num_id=NzM1Nw==
NzMxMg==,BA-BE Study Centre Approval Under New Drugs and CT Rules 2019,2021-06-11,https://cdsco.gov.in/opencms/opencms/system/modules/CDSCO.WEB/elements/download_file_division.jsp?num_id=NzMxMg==
NzI3MQ==,Drug Alert list for month of April 2021,2021-05-31,https://cdsco.gov.in/opencms/opencms/system/modules/CDSCO.WEB/elements/download_file_division.jsp?num_id=NzI3MQ==
NzE0OQ==,Drug Alert list for month of March 2021,2021-04-14,https://cdsco.gov.in/opencms/opencms/system/modules/CDSCO.WEB/elements/download_file_division.jsp?num_id=NzE0OQ==
NzAzMg==,Drug Alert list for month of February 2021,2021-03-15,https://cdsco.gov.in/opencms/opencms/system/modules/CDSCO.WEB/elements/download_file_division.jsp?num_id=NzAzMg==
NzAwNQ==,Drug Alert list for month of Feb 2021,2021-03-03,https://cdsco.gov.in/opencms/opencms/system/modules/CDSCO.WEB/elements/download_file_division.jsp?num_id=NzAwNQ==
Njk3Mw==,Drug Alert list for month of January 2021,2021-02-10,https://cdsco.gov.in/opencms/opencms/system/modules/CDSCO.WEB/elements/download_file_division.jsp?num_id=Njk3Mw==
Njg1MQ==,Drug Alert list for month of December 2020,2021-01-11,https://cdsco.gov.in/opencms/opencms/system/modules/CDSCO.WEB/elements/download_file_division.jsp?num_id=Njg1MQ==
Njc2NQ==,Drug Alert list for month of November 2020,2020-12-15,https://cdsco.gov.in/opencms/opencms/system/modules/CDSCO.WEB/elements/download_file_division.jsp?num_id=Njc2NQ==
NjYyOA==,Drug Alert list for month of October 2020,2020-11-06,https://cdsco.gov.in/opencms/opencms/system/modules/CDSCO.WEB/elements/download_file_division.jsp?num_id=NjYyOA==
NjU1NA==,Drug Alert list for month of September 2020,2020-10-14,https://cdsco.gov.in/opencms/opencms/system/modules/CDSCO.WEB/elements/download_file_division.jsp?num_id=NjU1NA==
NjQ2OQ==,Drug Alert list for month of August 2020,2020-09-11,https://cdsco.gov.in/opencms/opencms/system/modules/CDSCO.WEB/elements/download_file_division.jsp?num_id=NjQ2OQ==
NjM5MA==,Drug Alert list for month of July 2020,2020-08-17,https://cdsco.gov.in/opencms/opencms/system/modules/CDSCO.WEB/elements/download_file_division.jsp?num_id=NjM5MA==
NjA5MQ==,Drug Alert list for month of June 2020,2020-07-08,https://cdsco.gov.in/opencms/opencms/system/modules/CDSCO.WEB/elements/download_file_division.jsp?num_id=NjA5MQ==
NTk4Ng==,Drug Alert list for month of May 2020,2020-06-10,https://cdsco.gov.in/opencms/opencms/system/modules/CDSCO.WEB/elements/download_file_division.jsp?num_id=NTk4Ng==
NTkyMw==,Drug Alert list for month of April 2020,2020-05-14,https://cdsco.gov.in/opencms/opencms/system/modules/CDSCO.WEB/elements/download_file_division.jsp?num_id=NTkyMw==
NTg3Mg==,Drug Alert list for month of March 2020,2020-04-20,https://cdsco.gov.in/opencms/opencms/system/modules/CDSCO.WEB/elements/download_file_division.jsp?num_id=NTg3Mg==
NTcxMw==,Drug Alert list for month of Feb 2020,2020-03-06,https://cdsco.gov.in/opencms/opencms/system/modules/CDSCO.WEB/elements/download_file_division.jsp?num_id=NTcxMw==
NTU0Nw==,Drug Alert list for month of January 2020,2020-02-10,https://cdsco.gov.in/opencms/opencms/system/modules/CDSCO.WEB/elements/download_file_division.jsp?num_id=NTU0Nw==
NTU0NA==,Biosimilar Guideline 2016,2020-02-07,https://cdsco.gov.in/opencms/opencms/system/modules/CDSCO.WEB/elements/download_file_division.jsp?num_id=NTU0NA==
Njg0MA==,Drug Alert list for month of December 2019,2020-01-09,https://cdsco.gov.in/opencms/opencms/system/modules/CDSCO.WEB/elements/download_file_division.jsp?num_id=Njg0MA==
NTM0OQ==,Drug Alert list for month of November 2019,2019-12-10,https://cdsco.gov.in/opencms/opencms/system/modules/CDSCO.WEB/elements/download_file_division.jsp?num_id=NTM0OQ==
NTIyNA==,Drug Alert list for month of October 2019,2019-11-08,https://cdsco.gov.in/opencms/opencms/system/modules/CDSCO.WEB/elements/download_file_division.jsp?num_id=NTIyNA==
NTE5MA==,Drug Alert list for month of September 2019,2019-10-03,https://cdsco.gov.in/opencms/opencms/system/modules/CDSCO.WEB/elements/download_file_division.jsp?num_id=NTE5MA==
NTE4OQ==,Drug Alert list for month of August 2019,2019-09-03,https://cdsco.gov.in/opencms/opencms/system/modules/CDSCO.WEB/elements/download_file_division.jsp?num_id=NTE4OQ==
NDgwMA==,Drug Alert list for month of July 2019,2019-08-07,https://cdsco.gov.in/opencms/opencms/system/modules/CDSCO.WEB/elements/download_file_division.jsp?num_id=NDgwMA==
NDU4NA==,Drug Alert list for month of June 2019,2019-07-08,https://cdsco.gov.in/opencms/opencms/system/modules/CDSCO.WEB/elements/download_file_division.jsp?num_id=NDU4NA==
NDU0MA==,Medical Devices alert july 2019,2019-07-02,https://cdsco.gov.in/opencms/opencms/system/modules/CDSCO.WEB/elements/download_file_division.jsp?num_id=NDU0MA==
NDQ5Ng==,Drug Alert January 2019 Revised,2019-06-13,https://cdsco.gov.in/opencms/opencms/system/modules/CDSCO.WEB/elements/download_file_division.jsp?num_id=NDQ5Ng==
NDQ5Mw==,Drug Alert list for month of May 2019,2019-06-12,https://cdsco.gov.in/opencms/opencms/system/modules/CDSCO.WEB/elements/download_file_division.jsp?num_id=NDQ5Mw==
NDQ3MA==,Medical Device Alert Dated 20.05.2019,2019-05-20,https://cdsco.gov.in/opencms/opencms/system/modules/CDSCO.WEB/elements/download_file_division.jsp?num_id=NDQ3MA==
NDM5MQ==,Drug Alert list for month of April 2019,2019-05-13,https://cdsco.gov.in/opencms/opencms/system/modules/CDSCO.WEB/elements/download_file_division.jsp?num_id=NDM5MQ==
MTE4NzY=,NOT OF STANDARD QUALITY ALERT FOR THE MONTH OF APRIL-2019,2019-05-13,https://cdsco.gov.in/opencms/opencms/system/modules/CDSCO.WEB/elements/download_file_division.jsp?num_id=MTE4NzY=
NDMxNQ==,Drug Alert list for month of March 2019,2019-04-15,https://cdsco.gov.in/opencms/opencms/system/modules/CDSCO.WEB/elements/download_file_division.jsp?num_id=NDMxNQ==
NDQ3Mw==,Minutes of meeting of CDSCO with stakeholders for obtaining Import License without Registration Certificate for Radiopharmaceuticals held on 12.04.19,2019-04-12,https://cdsco.gov.in/opencms/opencms/system/modules/CDSCO.WEB/elements/download_file_division.jsp?num_id=NDQ3Mw==
MTE4ODI=,NOT OF STANDARD QUALITY ALERT FOR THE MONTH OF MARCH-2019,2019-04-05,https://cdsco.gov.in/opencms/opencms/system/modules/CDSCO.WEB/elements/download_file_division.jsp?num_id=MTE4ODI=
NDE0Nw==,Drug Alert list for month of February 2019,2019-03-11,https://cdsco.gov.in/opencms/opencms/system/modules/CDSCO.WEB/elements/download_file_division.jsp?num_id=NDE0Nw==
Mzc2OQ==,Drug Alert list for month of January 2019,2019-02-11,https://cdsco.gov.in/opencms/opencms/system/modules/CDSCO.WEB/elements/download_file_division.jsp?num_id=Mzc2OQ==
MzQyNQ==,List of Approved BA/BE Centers,2019-01-29,https://cdsco.gov.in/opencms/opencms/system/modules/CDSCO.WEB/elements/download_file_division.jsp?num_id=MzQyNQ==
NjQ4Nw==,Drug Alert list for month of December 2018,2019-01-09,https://cdsco.gov.in/opencms/opencms/system/modules/CDSCO.WEB/elements/download_file_division.jsp?num_id=NjQ4Nw==
MjIzOA==,Drug Alert list for November 2018,2018-12-12,https://cdsco.gov.in/opencms/opencms/system/modules/CDSCO.WEB/elements/download_file_division.jsp?num_id=MjIzOA==
MjE2Ng==,Drug Alert list for October 2018,2018-11-01,https://cdsco.gov.in/opencms/opencms/system/modules/CDSCO.WEB/elements/download_file_division.jsp?num_id=MjE2Ng==
MjA1OA==,Recall of OZURDEX (Dexamethasone Intravitreal Implant 0.7mg),2018-10-17,https://cdsco.gov.in/opencms/opencms/system/modules/CDSCO.WEB/elements/download_file_division.jsp?num_id=MjA1OA==
MTE4ODQ=,NOT OF STANDARD QUALITY ALERT FOR THE MONTH OF SEP-2018,2018-10-11,https://cdsco.gov.in/opencms/opencms/system/modules/CDSCO.WEB/elements/download_file_division.jsp?num_id=MTE4ODQ=
MjA0MA==,NOC update list of Medical Devices 2016,2018-10-10,https://cdsco.gov.in/opencms/opencms/system/modules/CDSCO.WEB/elements/download_file_division.jsp?num_id=MjA0MA==
MjAzNQ==,NOC of Medical Devices 2011,2018-10-10,https://cdsco.gov.in/opencms/opencms/system/modules/CDSCO.WEB/elements/download_file_division.jsp?num_id=MjAzNQ==
MjAzNg==,NOC Updated list of Medical Devices 2012,2018-10-10,https://cdsco.gov.in/opencms/opencms/system/modules/CDSCO.WEB/elements/download_file_division.jsp?num_id=MjAzNg==
MjA0Mg==,NOC update list of Medical Devices 2018,2018-10-10,https://cdsco.gov.in/opencms/opencms/system/modules/CDSCO.WEB/elements/download_file_division.jsp?num_id=MjA0Mg==
MjAzNw==,NOC update list of Medical Devices 2013,2018-10-10,https://cdsco.gov.in/opencms/opencms/system/modules/CDSCO.WEB/elements/download_file_division.jsp?num_id=MjAzNw==
MjAzOA==,NOC update list of Medical Devices 2014,2018-10-10,https://cdsco.gov.in/opencms/opencms/system/modules/CDSCO.WEB/elements/download_file_division.jsp?num_id=MjAzOA==
MjA0MQ==,NOC update list of Medical Devices 2017,2018-10-10,https://cdsco.gov.in/opencms/opencms/system/modules/CDSCO.WEB/elements/download_file_division.jsp?num_id=MjA0MQ==
MjAzOQ==,NOC update list of Medical Devices 2015,2018-10-10,https://cdsco.gov.in/opencms/opencms/system/modules/CDSCO.WEB/elements/download_file_division.jsp?num_id=MjAzOQ==
MjE2Nw==,Drug Alert list for September 2018,2018-10-02,https://cdsco.gov.in/opencms/opencms/system/modules/CDSCO.WEB/elements/download_file_division.jsp?num_id=MjE2Nw==
MTk1MA==,"List of Drugs, Medical Devices and Cosmetics declared as Not of Standard Quality/Spurious/Adulterated/Misbranded, For the Month of August, 2018",2018-09-14,https://cdsco.gov.in/opencms/opencms/system/modules/CDSCO.WEB/elements/download_file_division.jsp?num_id=MTk1MA==
MjM2MQ==,Drug Alert list for month of August 2018,2018-09-05,https://cdsco.gov.in/opencms/opencms/system/modules/CDSCO.WEB/elements/download_file_division.jsp?num_id=MjM2MQ==
MTkwNg==,"Drug Alert list for July, 2018",2018-08-10,https://cdsco.gov.in/opencms/opencms/system/modules/CDSCO.WEB/elements/download_file_division.jsp?num_id=MTkwNg==
MTg3Mg==,List of Clarifications/NOCs Issue from 2011- 2018,2018-08-03,https://cdsco.gov.in/opencms/opencms/system/modules/CDSCO.WEB/elements/download_file_division.jsp?num_id=MTg3Mg==
MTc5NQ==,"Drug Alert for the month of June,2018",2018-07-10,https://cdsco.gov.in/opencms/opencms/system/modules/CDSCO.WEB/elements/download_file_division.jsp?num_id=MTc5NQ==
MTcxNg==,"List of Drugs, Medical Devices and Cosmetics declared as Not of Standard Quality/Spurious/Adulterated/Misbranded, For the Month of MAY, 2018",2018-06-11,https://cdsco.gov.in/opencms/opencms/system/modules/CDSCO.WEB/elements/download_file_division.jsp?num_id=MTcxNg==
MTc5Ng==,"Drug Alert for the month of May,2018",2018-06-06,https://cdsco.gov.in/opencms/opencms/system/modules/CDSCO.WEB/elements/download_file_division.jsp?num_id=MTc5Ng==
MTY2Ng==,"Drug Alert for the month of April,2018",2018-06-01,https://cdsco.gov.in/opencms/opencms/system/modules/CDSCO.WEB/elements/download_file_division.jsp?num_id=MTY2Ng==
MTE4NzU=,NOT OF STANDARD QUALITY ALERT FOR THE MONTH OF APRIL-2018,2018-05-10,https://cdsco.gov.in/opencms/opencms/system/modules/CDSCO.WEB/elements/download_file_division.jsp?num_id=MTE4NzU=
MTc5Nw==,Drug Alert for the month of April 2018,2018-05-04,https://cdsco.gov.in/opencms/opencms/system/modules/CDSCO.WEB/elements/download_file_division.jsp?num_id=MTc5Nw==
MjI5Nw==,Drug Alert list for month of March 2018,2018-04-02,https://cdsco.gov.in/opencms/opencms/system/modules/CDSCO.WEB/elements/download_file_division.jsp?num_id=MjI5Nw==
MTQ1OA==,NSQ Vi-Conjugate Typhoid Vaccine Batch No.TC010915 and Batch No. TC010417 of M/s Bio Med Pvt Ltd dated 14-03-2018,2018-03-14,https://cdsco.gov.in/opencms/opencms/system/modules/CDSCO.WEB/elements/download_file_division.jsp?num_id=MTQ1OA==
MTE5NDM=,NOT OF STANDARD QUALITY ALERT FOR THE MONTH OF FEB-2018,2018-03-08,https://cdsco.gov.in/opencms/opencms/system/modules/CDSCO.WEB/elements/download_file_division.jsp?num_id=MTE5NDM=
MjI5NQ==,Drug Alert list for month of February 2018,2018-03-07,https://cdsco.gov.in/opencms/opencms/system/modules/CDSCO.WEB/elements/download_file_division.jsp?num_id=MjI5NQ==
MzI2NQ==,"IN-VITRO DIAGNOSTIC ALERT FOR PRODUCT "" BBL(TM) MGIT(TM) Mycobacteria Growth Indicator Tube",2018-03-03,https://cdsco.gov.in/opencms/opencms/system/modules/CDSCO.WEB/elements/download_file_division.jsp?num_id=MzI2NQ==
ODc5NQ==,List of RC Holders and RC issued in Offline mode From 2013 to 2017,2018-02-17,https://cdsco.gov.in/opencms/opencms/system/modules/CDSCO.WEB/elements/download_file_division.jsp?num_id=ODc5NQ==
NDQ=,17list of vaccine manufacturing units inspected-rotated_2,2018-02-09,https://cdsco.gov.in/opencms/opencms/system/modules/CDSCO.WEB/elements/download_file_division.jsp?num_id=NDQ=
NTI=,GCP Inspection Checklist16,2018-02-09,https://cdsco.gov.in/opencms/opencms/system/modules/CDSCO.WEB/elements/download_file_division.jsp?num_id=NTI=
Mjk=,Import Drugs60,2018-02-09,https://cdsco.gov.in/opencms/opencms/system/modules/CDSCO.WEB/elements/download_file_division.jsp?num_id=Mjk=
NTY=,newdrug_advisory_commitee,2018-02-09,https://cdsco.gov.in/opencms/opencms/system/modules/CDSCO.WEB/elements/download_file_division.jsp?num_id=NTY=
MTE4Nzg=,NOT OF STANDARD QUALITY ALERT FOR THE MONTH OF JAN-2018,2018-02-05,https://cdsco.gov.in/opencms/opencms/system/modules/CDSCO.WEB/elements/download_file_division.jsp?num_id=MTE4Nzg=
MjI5Ng==,Drug Alert list for month of January 2018,2018-02-05,https://cdsco.gov.in/opencms/opencms/system/modules/CDSCO.WEB/elements/download_file_division.jsp?num_id=MjI5Ng==
MjI4NQ==,Drug Alert list for month of December 2017,2018-01-02,https://cdsco.gov.in/opencms/opencms/system/modules/CDSCO.WEB/elements/download_file_division.jsp?num_id=MjI4NQ==
MTc4,"In-VitroDdiagnostic alert for product "" BBL(TM) MGIT(TM) Mycobacteria Growth Indicator Tube""",2018-01-01,https://cdsco.gov.in/opencms/opencms/system/modules/CDSCO.WEB/elements/download_file_division.jsp?num_id=MTc4
MTc2,IVD Diagnostic Kit Alert for Mediclone D,2018-01-01,https://cdsco.gov.in/opencms/opencms/system/modules/CDSCO.WEB/elements/download_file_division.jsp?num_id=MTc2
MTc3,IVD Diagnostic Kit Alert for Comipack ABD,2018-01-01,https://cdsco.gov.in/opencms/opencms/system/modules/CDSCO.WEB/elements/download_file_division.jsp?num_id=MTc3
MjI5Mg==,Drugs Alert for the month of November 2017,2017-12-11,https://cdsco.gov.in/opencms/opencms/system/modules/CDSCO.WEB/elements/download_file_division.jsp?num_id=MjI5Mg==
MjI5Mw==,Drug Alert list for month of October 2017,2017-11-07,https://cdsco.gov.in/opencms/opencms/system/modules/CDSCO.WEB/elements/download_file_division.jsp?num_id=MjI5Mw==
MTE5NDI=,NOT OF STANDARD QUALITY ALERT FOR THE MONTH OF SEP-2017,2017-10-11,https://cdsco.gov.in/opencms/opencms/system/modules/CDSCO.WEB/elements/download_file_division.jsp?num_id=MTE5NDI=
MjI5NA==,Drug Alert list for month of September 2017,2017-10-06,https://cdsco.gov.in/opencms/opencms/system/modules/CDSCO.WEB/elements/download_file_division.jsp?num_id=MjI5NA==
MjI4NA==,Drug Alert list for month of August 2017,2017-09-04,https://cdsco.gov.in/opencms/opencms/system/modules/CDSCO.WEB/elements/download_file_division.jsp?num_id=MjI4NA==
MTE4Nzk=,NOT OF STANDARD QUALITY ALERT FOR THE MONTH OF July-2017,2017-08-11,https://cdsco.gov.in/opencms/opencms/system/modules/CDSCO.WEB/elements/download_file_division.jsp?num_id=MTE4Nzk=
MjI4OA==,Drugs Alert for the month of July 2017,2017-08-04,https://cdsco.gov.in/opencms/opencms/system/modules/CDSCO.WEB/elements/download_file_division.jsp?num_id=MjI4OA==
MjI4OQ==,Drug Alert list for month of June 2017,2017-07-05,https://cdsco.gov.in/opencms/opencms/system/modules/CDSCO.WEB/elements/download_file_division.jsp?num_id=MjI4OQ==
MzI2NA==,Destroy of the product demaged due to fire,2017-07-04,https://cdsco.gov.in/opencms/opencms/system/modules/CDSCO.WEB/elements/download_file_division.jsp?num_id=MzI2NA==
MzI2Mw==,"MEDICAL DEVICE ALERT FOR "" Absorb Bioresorbale Vascular Scaffold BVS and Absorb GT1 Bioresorbale Vascular Scaffold BVS",2017-06-28,https://cdsco.gov.in/opencms/opencms/system/modules/CDSCO.WEB/elements/download_file_division.jsp?num_id=MzI2Mw==
MjI5MQ==,Drug Alert list for month of May 2017,2017-06-07,https://cdsco.gov.in/opencms/opencms/system/modules/CDSCO.WEB/elements/download_file_division.jsp?num_id=MjI5MQ==
MzE0Ng==,Medical Devices alert 02.06.2017,2017-06-02,https://cdsco.gov.in/opencms/opencms/system/modules/CDSCO.WEB/elements/download_file_division.jsp?num_id=MzE0Ng==
MzI2Mg==,"MEDICAL DEVICE ALERT FOR "" Beacon Tip Torcon NB Advantage Catheter",2017-06-02,https://cdsco.gov.in/opencms/opencms/system/modules/CDSCO.WEB/elements/download_file_division.jsp?num_id=MzI2Mg==
MjI4Mw==,Drug Alert list for month of April 2017,2017-05-02,https://cdsco.gov.in/opencms/opencms/system/modules/CDSCO.WEB/elements/download_file_division.jsp?num_id=MjI4Mw==
MzE0NA==,Medical Devices alert 13.04.2017,2017-04-13,https://cdsco.gov.in/opencms/opencms/system/modules/CDSCO.WEB/elements/download_file_division.jsp?num_id=MzE0NA==
MzE0NQ==,Medical Devices alert 07.04.2017,2017-04-07,https://cdsco.gov.in/opencms/opencms/system/modules/CDSCO.WEB/elements/download_file_division.jsp?num_id=MzE0NQ==
MjI5MA==,Drug Alert list for month of March 2017,2017-04-04,https://cdsco.gov.in/opencms/opencms/system/modules/CDSCO.WEB/elements/download_file_division.jsp?num_id=MjI5MA==
MjI4Ng==,Drug Alert list for month of February 2017,2017-03-03,https://cdsco.gov.in/opencms/opencms/system/modules/CDSCO.WEB/elements/download_file_division.jsp?num_id=MjI4Ng==
MzI5Nw==,Non-conviction Certificate,2017-02-17,https://cdsco.gov.in/opencms/opencms/system/modules/CDSCO.WEB/elements/download_file_division.jsp?num_id=MzI5Nw==
MjI4Nw==,Drug Alert list for month of January 2017,2017-02-06,https://cdsco.gov.in/opencms/opencms/system/modules/CDSCO.WEB/elements/download_file_division.jsp?num_id=MjI4Nw==
MjI4MA==,Drug Alert list for month of December 2016,2017-01-02,https://cdsco.gov.in/opencms/opencms/system/modules/CDSCO.WEB/elements/download_file_division.jsp?num_id=MjI4MA==
MTc5,Medical Device Adverse Event reporting form,2017-01-01,https://cdsco.gov.in/opencms/opencms/system/modules/CDSCO.WEB/elements/download_file_division.jsp?num_id=MTc5
MjM2NA==,Drug Alert list for month of November 2016,2016-12-12,https://cdsco.gov.in/opencms/opencms/system/modules/CDSCO.WEB/elements/download_file_division.jsp?num_id=MjM2NA==
NTU5MA==,Drug Alert list for month of October 2016,2016-11-08,https://cdsco.gov.in/opencms/opencms/system/modules/CDSCO.WEB/elements/download_file_division.jsp?num_id=NTU5MA==
MzE0Nw==,Medical Devices alert 21.10.2016,2016-10-21,https://cdsco.gov.in/opencms/opencms/system/modules/CDSCO.WEB/elements/download_file_division.jsp?num_id=MzE0Nw==
MjM2Nw==,Drug Alert list for month of September 2016,2016-10-04,https://cdsco.gov.in/opencms/opencms/system/modules/CDSCO.WEB/elements/download_file_division.jsp?num_id=MjM2Nw==
MjI3Ng==,Drugs Alert for the month of July 2016,2016-08-02,https://cdsco.gov.in/opencms/opencms/system/modules/CDSCO.WEB/elements/download_file_division.jsp?num_id=MjI3Ng==
MjI3Nw==,Drug Alert list for month of June 2016,2016-07-04,https://cdsco.gov.in/opencms/opencms/system/modules/CDSCO.WEB/elements/download_file_division.jsp?num_id=MjI3Nw==
MjI3OQ==,Drugs Alert for the month of May 2016,2016-06-06,https://cdsco.gov.in/opencms/opencms/system/modules/CDSCO.WEB/elements/download_file_division.jsp?num_id=MjI3OQ==
MjI4Mg==,Drug Alert list for month of April 2016,2016-05-10,https://cdsco.gov.in/opencms/opencms/system/modules/CDSCO.WEB/elements/download_file_division.jsp?num_id=MjI4Mg==
MjI4MQ==,Drug Alert list for month of August 2016,2016-05-03,https://cdsco.gov.in/opencms/opencms/system/modules/CDSCO.WEB/elements/download_file_division.jsp?num_id=MjI4MQ==
MjI3OA==,Drugs Alert for the month of March 2016,2016-04-05,https://cdsco.gov.in/opencms/opencms/system/modules/CDSCO.WEB/elements/download_file_division.jsp?num_id=MjI3OA==
MjI3NQ==,Drugs Alert for the month of February 2016,2016-03-04,https://cdsco.gov.in/opencms/opencms/system/modules/CDSCO.WEB/elements/download_file_division.jsp?num_id=MjI3NQ==
MjM2Mw==,Drug Alert list for month of January 2016,2016-02-10,https://cdsco.gov.in/opencms/opencms/system/modules/CDSCO.WEB/elements/download_file_division.jsp?num_id=MjM2Mw==
MjI2Nw==,Drug Alert list for month of December 2015,2016-01-05,https://cdsco.gov.in/opencms/opencms/system/modules/CDSCO.WEB/elements/download_file_division.jsp?num_id=MjI2Nw==
MjM3MA==,Drug Alert list for month of November 2015,2015-12-03,https://cdsco.gov.in/opencms/opencms/system/modules/CDSCO.WEB/elements/download_file_division.jsp?num_id=MjM3MA==
MjM2NQ==,Drug Alert list for month of October 2015,2015-11-02,https://cdsco.gov.in/opencms/opencms/system/modules/CDSCO.WEB/elements/download_file_division.jsp?num_id=MjM2NQ==
MjI3MQ==,Drug Alert list for month of September 2015,2015-10-07,https://cdsco.gov.in/opencms/opencms/system/modules/CDSCO.WEB/elements/download_file_division.jsp?num_id=MjI3MQ==
MjI2Ng==,Drug Alert list for month of August 2015,2015-09-08,https://cdsco.gov.in/opencms/opencms/system/modules/CDSCO.WEB/elements/download_file_division.jsp?num_id=MjI2Ng==
MTQyMg==,1-Revoke order dated 19-08-2015 for the purpose of conducting clinical trial.,2015-08-19,https://cdsco.gov.in/opencms/opencms/system/modules/CDSCO.WEB/elements/download_file_division.jsp?num_id=MTQyMg==
MjM3Mg==,Drug Alert list for month of July 2015,2015-08-05,https://cdsco.gov.in/opencms/opencms/system/modules/CDSCO.WEB/elements/download_file_division.jsp?num_id=MjM3Mg==
MjM2OQ==,Drug Alert list for month of June 2015,2015-07-07,https://cdsco.gov.in/opencms/opencms/system/modules/CDSCO.WEB/elements/download_file_division.jsp?num_id=MjM2OQ==
MjI3MA==,Drug Alert list for month of May 2015,2015-06-04,https://cdsco.gov.in/opencms/opencms/system/modules/CDSCO.WEB/elements/download_file_division.jsp?num_id=MjI3MA==
MTQ1Nw==,Sub Standard Quality of Human Albumin IP/EP Albiomin Solution for infusion,2015-05-19,https://cdsco.gov.in/opencms/opencms/system/modules/CDSCO.WEB/elements/download_file_division.jsp?num_id=MTQ1Nw==
MjI2NQ==,Drug Alert list for month of April 2015,2015-05-05,https://cdsco.gov.in/opencms/opencms/system/modules/CDSCO.WEB/elements/download_file_division.jsp?num_id=MjI2NQ==
MjI2OQ==,Drugs Alert for the month of March 2015,2015-04-06,https://cdsco.gov.in/opencms/opencms/system/modules/CDSCO.WEB/elements/download_file_division.jsp?num_id=MjI2OQ==
MjI2OA==,Drugs Alert for the month of February 2015,2015-03-05,https://cdsco.gov.in/opencms/opencms/system/modules/CDSCO.WEB/elements/download_file_division.jsp?num_id=MjI2OA==
MjM3MQ==,Drug Alert list for month of January 2015,2015-02-04,https://cdsco.gov.in/opencms/opencms/system/modules/CDSCO.WEB/elements/download_file_division.jsp?num_id=MjM3MQ==
MjI1NQ==,Drugs Alert for the month of December 2014,2015-01-05,https://cdsco.gov.in/opencms/opencms/system/modules/CDSCO.WEB/elements/download_file_division.jsp?num_id=MjI1NQ==
MjI2Mg==,Drugs Alert for the month of November 2014,2014-12-09,https://cdsco.gov.in/opencms/opencms/system/modules/CDSCO.WEB/elements/download_file_division.jsp?num_id=MjI2Mg==
MjI2Mw==,Drugs alert for the month of October 2014,2014-11-10,https://cdsco.gov.in/opencms/opencms/system/modules/CDSCO.WEB/elements/download_file_division.jsp?num_id=MjI2Mw==
MjI2NA==,Drug Alert list for the month of September 2014,2014-10-07,https://cdsco.gov.in/opencms/opencms/system/modules/CDSCO.WEB/elements/download_file_division.jsp?num_id=MjI2NA==
MjI1NA==,Drug Alert list for month of August 2014,2014-09-08,https://cdsco.gov.in/opencms/opencms/system/modules/CDSCO.WEB/elements/download_file_division.jsp?num_id=MjI1NA==
MTQyNA==,Action in pursuance to the investigation carried out at facility (M/s Wellness Solution) for administration of Dendritic cells for treatment of Cancer,2014-08-28,https://cdsco.gov.in/opencms/opencms/system/modules/CDSCO.WEB/elements/download_file_division.jsp?num_id=MTQyNA==
MTQyMw==,Action in pursuance to the investigation carried out at M/s Nichi-In Centre for Regenerative Medicine facility for administration of Dendritic Cells for treatment of cancer,2014-08-25,https://cdsco.gov.in/opencms/opencms/system/modules/CDSCO.WEB/elements/download_file_division.jsp?num_id=MTQyMw==
MjI1OA==,Drug Alert list for month of July 2014,2014-08-11,https://cdsco.gov.in/opencms/opencms/system/modules/CDSCO.WEB/elements/download_file_division.jsp?num_id=MjI1OA==
MjI0Nw==,Drug Alert list for month of July 2013,2014-08-05,https://cdsco.gov.in/opencms/opencms/system/modules/CDSCO.WEB/elements/download_file_division.jsp?num_id=MjI0Nw==
MjI1OQ==,Drug Alert list for the month of June 2014,2014-07-15,https://cdsco.gov.in/opencms/opencms/system/modules/CDSCO.WEB/elements/download_file_division.jsp?num_id=MjI1OQ==
MjI2MQ==,Drugs Alert for the Month of May 2014,2014-06-11,https://cdsco.gov.in/opencms/opencms/system/modules/CDSCO.WEB/elements/download_file_division.jsp?num_id=MjI2MQ==
MjI1Mw==,Drug Alert list for month of April 2014,2014-05-04,https://cdsco.gov.in/opencms/opencms/system/modules/CDSCO.WEB/elements/download_file_division.jsp?num_id=MjI1Mw==
MTQ1Ng==,Surveillance of Drugs Manufactured in the Country by CDSCO,2014-05-01,https://cdsco.gov.in/opencms/opencms/system/modules/CDSCO.WEB/elements/download_file_division.jsp?num_id=MTQ1Ng==
MjI2MA==,Drugs Alert for the month of March 2014,2014-04-09,https://cdsco.gov.in/opencms/opencms/system/modules/CDSCO.WEB/elements/download_file_division.jsp?num_id=MjI2MA==
MjI1Ng==,Drugs Alert for the month of February 2014,2014-03-09,https://cdsco.gov.in/opencms/opencms/system/modules/CDSCO.WEB/elements/download_file_division.jsp?num_id=MjI1Ng==
MjI1Nw==,Drug Alerts for the month of January 2014,2014-02-07,https://cdsco.gov.in/opencms/opencms/system/modules/CDSCO.WEB/elements/download_file_division.jsp?num_id=MjI1Nw==
MTQ1Njc=,Circular Regarding Approval of Safety and Efficacy Marketed in the Country of FDC Without Approval from DCG(I),2014-02-03,https://cdsco.gov.in/opencms/opencms/system/modules/CDSCO.WEB/elements/download_file_division.jsp?num_id=MTQ1Njc=
MTk2,Confidence Spinal Cement System,2014-01-15,https://cdsco.gov.in/opencms/opencms/system/modules/CDSCO.WEB/elements/download_file_division.jsp?num_id=MTk2
MzI1OA==,Guidelines for taking action on samples of drugs declared spurious or not of standard,2014-01-04,https://cdsco.gov.in/opencms/opencms/system/modules/CDSCO.WEB/elements/download_file_division.jsp?num_id=MzI1OA==
MzIzOQ==,"Guidance document for approval of ba/be noc for export purpose as per schedule y & test licence in form 11 of drugs and cosmetics rules, 1945",2014-01-04,https://cdsco.gov.in/opencms/opencms/system/modules/CDSCO.WEB/elements/download_file_division.jsp?num_id=MzIzOQ==
MzI0MA==,FAQ on Phytopharmaceutical Drugs,2014-01-04,https://cdsco.gov.in/opencms/opencms/system/modules/CDSCO.WEB/elements/download_file_division.jsp?num_id=MzI0MA==
MzI1Mw==,Drugs banned in the Country,2014-01-04,https://cdsco.gov.in/opencms/opencms/system/modules/CDSCO.WEB/elements/download_file_division.jsp?num_id=MzI1Mw==
MzI2Ng==,"MEDICAL DEVICE ALERT FOR PRODUCT ""HT Connect Peripheral Guidewire",2014-01-04,https://cdsco.gov.in/opencms/opencms/system/modules/CDSCO.WEB/elements/download_file_division.jsp?num_id=MzI2Ng==
MzIzNA==,Neutral Code - labelling,2014-01-04,https://cdsco.gov.in/opencms/opencms/system/modules/CDSCO.WEB/elements/download_file_division.jsp?num_id=MzIzNA==
MzI1NA==,Oxytocin Drug Alert,2014-01-04,https://cdsco.gov.in/opencms/opencms/system/modules/CDSCO.WEB/elements/download_file_division.jsp?num_id=MzI1NA==
MzIzNg==,Revised Checklist for Pre-screening of BA/BE Applications (Draft 2014) effective from 1st Feb 2014,2014-01-04,https://cdsco.gov.in/opencms/opencms/system/modules/CDSCO.WEB/elements/download_file_division.jsp?num_id=MzIzNg==
MzI1Ng==,Spurious Drugs -- Reward Scheme for Whistle Blowers,2014-01-04,https://cdsco.gov.in/opencms/opencms/system/modules/CDSCO.WEB/elements/download_file_division.jsp?num_id=MzI1Ng==
MzI1MA==,Draft Guidelines For Industry on Reporting Serious Adverse Events occurring in Clinical Trials ( 27 Jul 2012 ),2014-01-04,https://cdsco.gov.in/opencms/opencms/system/modules/CDSCO.WEB/elements/download_file_division.jsp?num_id=MzI1MA==
MzI0Mw==,Draft guidance on approval of clinical trials & new drug,2014-01-04,https://cdsco.gov.in/opencms/opencms/system/modules/CDSCO.WEB/elements/download_file_division.jsp?num_id=MzI0Mw==
MzIzNQ==,Documents to be submitted for Bioequivalence Study for export applications,2014-01-04,https://cdsco.gov.in/opencms/opencms/system/modules/CDSCO.WEB/elements/download_file_division.jsp?num_id=MzIzNQ==
MzIzOA==,Document required for approval of BA-BE center,2014-01-04,https://cdsco.gov.in/opencms/opencms/system/modules/CDSCO.WEB/elements/download_file_division.jsp?num_id=MzIzOA==
MzI1MQ==,System of preliminary scrutiny by C.D.S.C.O at the time of receipt of application for approval of Fixed Dose Combinations ( 27 Jul 2012 ),2014-01-04,https://cdsco.gov.in/opencms/opencms/system/modules/CDSCO.WEB/elements/download_file_division.jsp?num_id=MzI1MQ==
MzI1Mg==,Twelve New Drug Advisory Committees (NDAC) ( 27 Jul 2012 ),2014-01-04,https://cdsco.gov.in/opencms/opencms/system/modules/CDSCO.WEB/elements/download_file_division.jsp?num_id=MzI1Mg==
MzI0MQ==,Updated Package Insert PI for empagliflozin Tablets 10mg and 25mg based on company Core Data Sheet (CCDS),2014-01-04,https://cdsco.gov.in/opencms/opencms/system/modules/CDSCO.WEB/elements/download_file_division.jsp?num_id=MzI0MQ==
MzIzNw==,Guidance Document for BA/BE NOC Applications for Export Purpose (Draft 2014),2014-01-04,https://cdsco.gov.in/opencms/opencms/system/modules/CDSCO.WEB/elements/download_file_division.jsp?num_id=MzIzNw==
MjI0NQ==,Drug Alert list for month of December 2013,2014-01-03,https://cdsco.gov.in/opencms/opencms/system/modules/CDSCO.WEB/elements/download_file_division.jsp?num_id=MjI0NQ==
MTk0,Cancellous Bone Screws (A Component of the Hip System),2013-12-11,https://cdsco.gov.in/opencms/opencms/system/modules/CDSCO.WEB/elements/download_file_division.jsp?num_id=MTk0
MTkz,LPS Lower Extremity Dovetail IntercalaryComponent,2013-12-11,https://cdsco.gov.in/opencms/opencms/system/modules/CDSCO.WEB/elements/download_file_division.jsp?num_id=MTkz
MTk4,HT Connect Peripheral Guidewire,2013-12-10,https://cdsco.gov.in/opencms/opencms/system/modules/CDSCO.WEB/elements/download_file_division.jsp?num_id=MTk4
MTky,ONYX Liquid Embolic System,2013-12-10,https://cdsco.gov.in/opencms/opencms/system/modules/CDSCO.WEB/elements/download_file_division.jsp?num_id=MTky
MTk3,ECHELON Endoscopic Liner Cutter Reloads Black(ECR60T),2013-12-10,https://cdsco.gov.in/opencms/opencms/system/modules/CDSCO.WEB/elements/download_file_division.jsp?num_id=MTk3
MTk1,ASR XL Acetabular System & DePuy ASR Hip Resurfacing System,2013-12-09,https://cdsco.gov.in/opencms/opencms/system/modules/CDSCO.WEB/elements/download_file_division.jsp?num_id=MTk1
MjI1MA==,Drugs Alert for the month of November 2013,2013-12-04,https://cdsco.gov.in/opencms/opencms/system/modules/CDSCO.WEB/elements/download_file_division.jsp?num_id=MjI1MA==
MzI0Ng==,Approved for Marketing in India,2013-11-27,https://cdsco.gov.in/opencms/opencms/system/modules/CDSCO.WEB/elements/download_file_division.jsp?num_id=MzI0Ng==
MjI1MQ==,Drugs Alert for the month of September 2013,2013-10-08,https://cdsco.gov.in/opencms/opencms/system/modules/CDSCO.WEB/elements/download_file_division.jsp?num_id=MjI1MQ==
MjI0Mw==,Drug Alert list for month of August 2013,2013-09-03,https://cdsco.gov.in/opencms/opencms/system/modules/CDSCO.WEB/elements/download_file_division.jsp?num_id=MjI0Mw==
MTQyMA==,Action in pursuance to the investigation_Denvax Clinic,2013-07-23,https://cdsco.gov.in/opencms/opencms/system/modules/CDSCO.WEB/elements/download_file_division.jsp?num_id=MTQyMA==
MzI0OA==,Report of Prof. Ranjit Roy Chaudhury Expert Committee,2013-07-23,https://cdsco.gov.in/opencms/opencms/system/modules/CDSCO.WEB/elements/download_file_division.jsp?num_id=MzI0OA==
MjI0OA==,Drug Alert list for month of June 2013,2013-07-09,https://cdsco.gov.in/opencms/opencms/system/modules/CDSCO.WEB/elements/download_file_division.jsp?num_id=MjI0OA==
MjM2Mg==,Drug Alert list for month of May 2013,2013-06-11,https://cdsco.gov.in/opencms/opencms/system/modules/CDSCO.WEB/elements/download_file_division.jsp?num_id=MjM2Mg==
MjI1Mg==,Drugs Alert for the month of April 2013 J& K,2013-05-08,https://cdsco.gov.in/opencms/opencms/system/modules/CDSCO.WEB/elements/download_file_division.jsp?num_id=MjI1Mg==
MjI0NA==,Drugs Alert for the month of April 2013,2013-05-01,https://cdsco.gov.in/opencms/opencms/system/modules/CDSCO.WEB/elements/download_file_division.jsp?num_id=MjI0NA==
MjI0OQ==,Drug Alert list for month of March 2013,2013-04-10,https://cdsco.gov.in/opencms/opencms/system/modules/CDSCO.WEB/elements/download_file_division.jsp?num_id=MjI0OQ==
MjI0Ng==,Drugs Alert for the month of February 2013,2013-03-06,https://cdsco.gov.in/opencms/opencms/system/modules/CDSCO.WEB/elements/download_file_division.jsp?num_id=MjI0Ng==
MzI0OQ==,Draft Guidance for Industry on requirement of Chemical & Pharmaceutical Information including Stability Study data before Approval of Clinical Trials / BE Studies ( 27 Jul 2012 ),2012-07-27,https://cdsco.gov.in/opencms/opencms/system/modules/CDSCO.WEB/elements/download_file_division.jsp?num_id=MzI0OQ==
MzI0NQ==,Draft Guidance for Industry on Fixed Dose Combinations,2010-08-20,https://cdsco.gov.in/opencms/opencms/system/modules/CDSCO.WEB/elements/download_file_division.jsp?num_id=MzI0NQ==
MzI1Nw==,Report on countrywide survey for Spurious Drugs,2010-02-24,https://cdsco.gov.in/opencms/opencms/system/modules/CDSCO.WEB/elements/download_file_division.jsp?num_id=MzI1Nw==
