num_id,title,release_date,alert_month,folder,target,pdf_url,status
MTEyNTY=,NOT OF STANDARD QUALITY ALERT FOR THE MONTH OF APRIL 2024,2024-05-17,2024-04,central,central/2024-04_central_nsq.pdf,https://cdsco.gov.in/opencms/resources/UploadCDSCOWeb/2018/UploadAlertsFiles/NSQ%20APRIL%202024.pdf,ok (11 pages)
MTEzNzI=,NSQ May 2024 CDSCO Labs,2024-06-20,2024-05,central,central/2024-05_central_nsq.pdf,https://cdsco.gov.in/opencms/resources/UploadCDSCOWeb/2018/UploadAlertsFiles/NSQ%20may-2024%20CDSCO%20Labs.pdf,ok (9 pages)
MTE0Njg=,NSQ ALERT FOR THE MONTH OF JUNE 2024,2024-07-19,2024-06,central,central/2024-06_central_nsq.pdf,https://cdsco.gov.in/opencms/resources/UploadCDSCOWeb/2018/UploadAlertsFiles/NSQ%20ALERT%20FOR%20THE%20MONTH%20OF%20JUNE-2024.pdf,ok (6 pages)
MTE2MDA=,NSQ ALERT FOR THE MONTH OF JUlY-2024,2024-08-22,2024-07,central,central/2024-07_central_nsq.pdf,https://cdsco.gov.in/opencms/resources/UploadCDSCOWeb/2018/UploadAlertsFiles/NSQ%20ALERT%20FOR%20THE%20MONTH%20OF%20JUly-2024.pdf,ok (11 pages)
MTIwMTA=,Drug Alert for the Month of August 2024,2024-09-20,2024-08,central,central/2024-08_central_nsq.pdf,https://cdsco.gov.in/opencms/resources/UploadCDSCOWeb/2018/UploadAlertsFiles/alert%20August-2024.pdf,ok (8 pages)
MTIwODQ=,Drug Alert for the Month of September 2024,2024-10-24,2024-09,central,central/2024-09_central_nsq.pdf,https://cdsco.gov.in/opencms/resources/UploadCDSCOWeb/2018/UploadAlertsFiles/NSQ%20Alert%20For%20the%20month%20of%20%20Sept-2024.pdf,ok (9 pages)
MTIyMDQ=,Drug Alert for the Month of October 2024,2024-11-29,2024-10,central,central/2024-10_central_nsq.pdf,https://cdsco.gov.in/opencms/resources/UploadCDSCOWeb/2018/UploadAlertsFiles/NSQ%20ALERT%20FOR%20THE%20MONTH%20OF%20October-2024%20for%20website.pdf,ok (9 pages)
MTIyOTI=,Drug Alert for the Month of November 2024,2024-12-27,2024-11,central,central/2024-11_central_nsq.pdf,https://cdsco.gov.in/opencms/resources/UploadCDSCOWeb/2018/UploadAlertsFiles/NSQ%20ALERT%20FOR%20THE%20MONTH%20OF%20NOVEMBER-2024%20(1).pdf,ok (8 pages)
MTIzOTM=,Drug Alert for the Month of December 2024,2025-01-24,2024-12,central,central/2024-12_central_nsq.pdf,https://cdsco.gov.in/opencms/resources/UploadCDSCOWeb/2018/UploadAlertsFiles/NSQ%20ALERT%20FOR%20THE%20MONTH%20OF%20DEC-2024.pdf,ok (9 pages)
MTI1NTU=,NSQ ALERT FOR THE MONTH OF JANUARY-2025,2025-02-28,2025-01,central,central/2025-01_central_nsq.pdf,https://cdsco.gov.in/opencms/resources/UploadCDSCOWeb/2018/UploadAlertsFiles/NSQ%20ALERT%20FOR%20THE%20MONTH%20OF%20JANUARY-2025.pdf,ok (10 pages)
MTI2MTM=,NSQ ALERT FOR THE MONTH OF Feb-2025,2025-03-29,2025-02,central,central/2025-02_central_nsq.pdf,https://cdsco.gov.in/opencms/resources/UploadCDSCOWeb/2018/UploadAlertsFiles/NSQ%20ALERT%20FOR%20THE%20MONTH%20OF%20Feb-2025.pdf,ok (6 pages)
MTI2Njk=,NOT OF STANDARD QUALITY (NSQ) ALERT FOR THE MONTH OF MARCH-2025,2025-04-18,2025-03,central,central/2025-03_central_nsq.pdf,https://cdsco.gov.in/opencms/resources/UploadCDSCOWeb/2018/UploadAlertsFiles/NSQ%20Alert%20For%20The%20Month%20of%20March-2025.pdf,ok (9 pages)
MTI3Mzg=,Not Of Standard of Quality (NSQ) ALERT FOR THE MONTH OF April-2025,2025-05-20,2025-04,central,central/2025-04_central_nsq.pdf,https://cdsco.gov.in/opencms/resources/UploadCDSCOWeb/2018/UploadAlertsFiles/CDSCO%20NSQ%20ALERT%20FOR%20THE%20MONTH%20OF%20APRIL-2025.pdf,ok (7 pages)
MTI4NDc=,NSQ ALERT FOR THE MONTH OF MAY-2025,2025-06-20,2025-05,central,central/2025-05_central_nsq.pdf,https://cdsco.gov.in/opencms/resources/UploadCDSCOWeb/2018/UploadAlertsFiles/NSQ%20ALERT%20MAY-2025.pdf,ok (7 pages)
MTI5Mjc=,CDSCO NSQ ALERT FOR THE MONTH OF June 2025,2025-07-18,2025-06,central,central/2025-06_central_nsq.pdf,https://cdsco.gov.in/opencms/resources/UploadCDSCOWeb/2018/UploadAlertsFiles/CDSCO%20NSQ%20june25.pdf,ok (6 pages)
MTA4NTE=,Drug Alert for the Month of December 2023,2024-01-19,2023-12,combined,combined/2023-12_combined.pdf,https://cdsco.gov.in/opencms/resources/UploadCDSCOWeb/2018/UploadAlertsFiles/alertdec23.pdf,ok (12 pages)
MTA5Mzk=,Drug Alert for the Month of January 2024,2024-02-21,2024-01,combined,combined/2024-01_combined.pdf,https://cdsco.gov.in/opencms/resources/UploadCDSCOWeb/2018/UploadAlertsFiles/Drugs%20Alert%20List_Jan%20024.pdf,ok (8 pages)
MTEwMTM=,Drug Alert for the Month of February 2024,2024-03-20,2024-02,combined,combined/2024-02_combined.pdf,https://cdsco.gov.in/opencms/resources/UploadCDSCOWeb/2018/UploadAlertsFiles/Feb2024%20alert.pdf,ok (12 pages)
MTExMTU=,Drug Alert for the Month of March 2024,2024-04-16,2024-03,combined,combined/2024-03_combined.pdf,https://cdsco.gov.in/opencms/resources/UploadCDSCOWeb/2018/UploadAlertsFiles/List%20of%20Drug%20Alert%20-March-2024.pdf,ok (7 pages)
MTMyNDU=,Availability of Not Standard Quality (NSQ) Alert on New Link in CDSCO Website,2025-08-28,,other,other/availability_of_not_standard_quality_nsq_alert_on_new_link_in_cdsco_website.pdf,https://cdsco.gov.in/opencms/resources/UploadCDSCOWeb/2018/UploadAlertsFiles/aret%20all%20Stakeholders.pdf,ok (1 pages)
MTA5NDA=,Drug Alert for the Month of Revised Dec 2023,2024-02-21,2023-12,other,other/drug_alert_for_the_month_of_revised_dec_2023.pdf,https://cdsco.gov.in/opencms/resources/UploadCDSCOWeb/2018/UploadAlertsFiles/Revised%20Dec%202023.pdf,ok (1 pages)
MTEwMTQ=,Drug Alert for the Month of Revised Jan 2024,2024-03-20,2024-01,other,other/drug_alert_for_the_month_of_revised_jan_2024.pdf,https://cdsco.gov.in/opencms/resources/UploadCDSCOWeb/2018/UploadAlertsFiles/Jan2024%20Alert%20(Revised).pdf,ok (1 pages)
MTA5NDE=,Drug Alert for the Month of Revised March 2023,2024-02-21,2023-03,other,other/drug_alert_for_the_month_of_revised_march_2023.pdf,https://cdsco.gov.in/opencms/resources/UploadCDSCOWeb/2018/UploadAlertsFiles/Revised%20March%202023.pdf,ok (1 pages)
MTI3Mzc=,"List of Drugs, Medical Devices, Vaccine and Cosmetics declared as Not of Standard Quality/Spurious/Adulterated/Misbranded for the Month of January– 2025 Revised",2025-05-20,2025-01,other,other/list_of_drugs_medical_devices_vaccine_and_cosmetics_declared_as_not_of_standard_quality_sp.pdf,https://cdsco.gov.in/opencms/resources/UploadCDSCOWeb/2018/UploadAlertsFiles/Revise%20Drug%20Alert%20for%20the%20Month%20of%20January2025.pdf,ok (1 pages)
MTI2NzE=,Revise list drug alert January-2025,2025-04-18,2025-01,other,other/revise_list_drug_alert_january_2025.pdf,https://cdsco.gov.in/opencms/resources/UploadCDSCOWeb/2018/UploadAlertsFiles/Revise%20list%20drug%20alert%20January-2025.pdf,ok (1 pages)
MTI5NjA=,Revise list drug alert May-2025,2025-07-18,2025-05,other,other/revise_list_drug_alert_may_2025.pdf,https://cdsco.gov.in/opencms/resources/UploadCDSCOWeb/2018/UploadAlertsFiles/Revisealert%20May-2025.pdf,ok (1 pages)
MTI2NzA=,Revise list drug alert November-2024,2025-04-18,2024-11,other,other/revise_list_drug_alert_november_2024.pdf,https://cdsco.gov.in/opencms/resources/UploadCDSCOWeb/2018/UploadAlertsFiles/Revise%20list%20drug%20alert%20November-2024.pdf,ok (1 pages)
MTE5NTU=,Samples declared NSQ 2017-2023,2024-09-11,,other,other/samples_declared_nsq_2017_2023.pdf,https://cdsco.gov.in/opencms/resources/UploadCDSCOWeb/2018/UploadAlertsFiles/nsq1723.pdf,ok (5 pages)
MTEyNTU=,SPURIOUS ALERT FOR THE MONTH OF APRIL 2024,2024-05-17,2024-04,spurious,spurious/2024-04_spurious.pdf,https://cdsco.gov.in/opencms/resources/UploadCDSCOWeb/2018/UploadAlertsFiles/SPURIOUS%20ALERTaprl24.pdf,ok (3 pages)
MTIwMTE=,List of Drugs Medical Devices Vaccine and Cosmetics declared as Spurious Adulterated Misbranded for the Month of August-2024,2024-09-20,2024-08,spurious,spurious/2024-08_spurious.pdf,https://cdsco.gov.in/opencms/resources/UploadCDSCOWeb/2018/UploadAlertsFiles/List%20of%20Drugs%20%20declared%20as%20spurious.pdf,ok (2 pages)
MTIwODI=,List of Drugs Medical Devices Vaccine and Cosmetics declared as Spurious for the Month of September 2024,2024-10-24,2024-09,spurious,spurious/2024-09_spurious.pdf,https://cdsco.gov.in/opencms/resources/UploadCDSCOWeb/2018/UploadAlertsFiles/List%20of%20spurious%20Drugs%20for%20the%20month%20of%20Sept-2024.pdf,ok (2 pages)
MTIyMDM=,List of Drugs Medical Devices Vaccine and Cosmetics declared as Spurious for the Month of October 2024,2024-11-29,2024-10,spurious,spurious/2024-10_spurious.pdf,https://cdsco.gov.in/opencms/resources/UploadCDSCOWeb/2018/UploadAlertsFiles/List%20of%20Drugs-spurious%20alert%20-oct%202024.pdf,ok (2 pages)
MTIyOTE=,List of Drugs Medical Devices Vaccine and Cosmetics declared as Spurious for the Month of November 2024,2024-12-27,2024-11,spurious,spurious/2024-11_spurious.pdf,"https://cdsco.gov.in/opencms/resources/UploadCDSCOWeb/2018/UploadAlertsFiles/List%20of%20Drugs,%20Medical%20Devices,%20Vaccine%20and%20Cosmetics%20declared%20as%20Spurious%20for%20the%20Month%20of%20November%E2%80%93%202024.pdf",ok (2 pages)
MTI2MTI=,"List of Drugs, Medical Devices, Vaccine and Cosmetics declared as Spurious for the Month of February-2025",2025-03-29,2025-02,spurious,spurious/2025-02_spurious.pdf,https://cdsco.gov.in/opencms/resources/UploadCDSCOWeb/2018/UploadAlertsFiles/md%20Cosmetics%20declared%20as%20Spurious%20for%20the%20Month%20of%20February-2025.pdf,ok (1 pages)
MTI2Njc=,List of Drugs Medical Devices Vaccine and Cosmetics declared as Spurious for the Month of March- 2025,2025-04-18,2025-03,spurious,spurious/2025-03_spurious.pdf,https://cdsco.gov.in/opencms/resources/UploadCDSCOWeb/2018/UploadAlertsFiles/mdmar25.pdf,ok (1 pages)
MTI3NDA=,List of Drugs Medical Devices Vaccine and Cosmetics declared as Spurious for the Month of April-2025,2025-05-20,2025-04,spurious,spurious/2025-04_spurious.pdf,https://cdsco.gov.in/opencms/resources/UploadCDSCOWeb/2018/UploadAlertsFiles/List%20of%20mdapril25.pdf,ok (1 pages)
MTI4NDU=,"List of Drugs, Medical Devices, Vaccine and Cosmetics declared as Spurious for the Month of May-2025",2025-06-20,2025-05,spurious,spurious/2025-05_spurious.pdf,https://cdsco.gov.in/opencms/resources/UploadCDSCOWeb/2018/UploadAlertsFiles/md%20Vaccine%20and%20Cosmetics%20declared%20as%20Spurious%20for%20the%20Month%20of%20May-2025.pdf,ok (2 pages)
MTI5NTk=,List of spurious Drugs for the month of June-2025,2025-07-18,2025-06,spurious,spurious/2025-06_spurious.pdf,https://cdsco.gov.in/opencms/resources/UploadCDSCOWeb/2018/UploadAlertsFiles/List%20of%20spurious%20Drugs%20June-2025.pdf,ok (2 pages)
MTEzNzM=,NSQ May 2024 State Labs,2024-06-20,2024-05,state,state/2024-05_state_nsq.pdf,https://cdsco.gov.in/opencms/resources/UploadCDSCOWeb/2018/UploadAlertsFiles/NSQ%20may-2024%20State%20labs.pdf,ok (6 pages)
MTE0Njc=,State NSQ ALERT FOR THE MONTH OF JUNE 2024,2024-07-19,2024-06,state,state/2024-06_state_nsq.pdf,https://cdsco.gov.in/opencms/resources/UploadCDSCOWeb/2018/UploadAlertsFiles/STATE%20NSQ%20ALERT%20FOR%20THE%20MONTH%20OF%20JUNE-2024.pdf,ok (9 pages)
MTE2MDE=,STATE NSQ ALERT FOR THE MONTH OF July-2024,2024-08-22,2024-07,state,state/2024-07_state_nsq.pdf,https://cdsco.gov.in/opencms/resources/UploadCDSCOWeb/2018/UploadAlertsFiles/STATE%20NSQ%20ALERT%20FOR%20THE%20MONTH%20OF%20July-2024.pdf,ok (3 pages)
MTIwMTI=,State Drug Alert for the Month of August 2024,2024-09-20,2024-08,state,state/2024-08_state_nsq.pdf,https://cdsco.gov.in/opencms/resources/UploadCDSCOWeb/2018/UploadAlertsFiles/STATE%20August-2024.pdf,ok (3 pages)
MTIwODM=,State Drug Alert for the Month of September 2024,2024-10-24,2024-09,state,state/2024-09_state_nsq.pdf,https://cdsco.gov.in/opencms/resources/UploadCDSCOWeb/2018/UploadAlertsFiles/State%20NSQ%20Alert%20For%20The%20Month%20Of%20Sept-2024.pdf,ok (5 pages)
MTIyMDI=,State Drug Alert for the Month of October 2024,2024-11-29,2024-10,state,state/2024-10_state_nsq.pdf,https://cdsco.gov.in/opencms/resources/UploadCDSCOWeb/2018/UploadAlertsFiles/STATE%20NSQ%20ALERT%20FOR%20THE%20MONTH%20OF%20October-2024.pdf,ok (9 pages)
MTIyOTA=,State Drug Alert for the Month of November 2024,2024-12-27,2024-11,state,state/2024-11_state_nsq.pdf,https://cdsco.gov.in/opencms/resources/UploadCDSCOWeb/2018/UploadAlertsFiles/STATE%20NSQ%20ALERT%20FOR%20THE%20MONTH%20OF%20NOVEMBER-2024.pdf,ok (18 pages)
MTIzOTQ=,State Drug Alert for the Month of December 2024,2025-01-24,2024-12,state,state/2024-12_state_nsq.pdf,https://cdsco.gov.in/opencms/resources/UploadCDSCOWeb/2018/UploadAlertsFiles/STATE%20NSQ%20ALERT%20FOR%20THE%20MONTH%20OF%20DEC-2024.%20(2).pdf,ok (18 pages)
MTI1NTY=,STATE NSQ ALERT FOR THE MONTH OF JANUARY-2025,2025-02-28,2025-01,state,state/2025-01_state_nsq.pdf,https://cdsco.gov.in/opencms/resources/UploadCDSCOWeb/2018/UploadAlertsFiles/STATE%20NSQ%20ALERT%20FOR%20THE%20MONTH%20OF%20JANUARY-2025.pdf,ok (22 pages)
MTI2MTQ=,STATE NSQ ALERT FOR THE MONTH OF FEBRUARY-2025,2025-03-29,2025-02,state,state/2025-02_state_nsq.pdf,https://cdsco.gov.in/opencms/resources/UploadCDSCOWeb/2018/UploadAlertsFiles/STATE%20NSQ%20T%20FOR%20THE%20MONTH%20OF%20FEBRUARY-2025.pdf,ok (16 pages)
MTI2Njg=,State NSQ Alert For The Month March-2025,2025-04-18,2025-03,state,state/2025-03_state_nsq.pdf,https://cdsco.gov.in/opencms/resources/UploadCDSCOWeb/2018/UploadAlertsFiles/Stat2025.pdf,ok (9 pages)
MTI3Mzk=,State NSQ Alert For The Month April-2025,2025-05-20,2025-04,state,state/2025-04_state_nsq.pdf,https://cdsco.gov.in/opencms/resources/UploadCDSCOWeb/2018/UploadAlertsFiles/stnsqapr25.pdf,ok (22 pages)
MTI4NDY=,STATE NSQ ALERT FOR THE MONTH OF MAY-2025,2025-06-20,2025-05,state,state/2025-05_state_nsq.pdf,https://cdsco.gov.in/opencms/resources/UploadCDSCOWeb/2018/UploadAlertsFiles/STATE%20NSQ%20MAY-2025.pdf,ok (19 pages)
MTI5MjY=,STATE NSQ ALERT FOR THE MONTH OF June 2025,2025-07-18,2025-06,state,state/2025-06_state_nsq.pdf,https://cdsco.gov.in/opencms/resources/UploadCDSCOWeb/2018/UploadAlertsFiles/STATE%20NSQ%20%20June%20-2025.pdf,ok (15 pages)
